merchant_id,country,mcc_desc,merchant_cohort,cross_border_enabled,staff_readiness,footfall_index,txns_per_week,failure_rate,acquirer_partner_id
MER_3c630869c7,IN-QA,Transit,M-2,True,0.838,0.431,11,0.204,ACQ05
MER_a7cc8533be,IN,Hotels,M-1,True,0.376,0.639,0,0.576,ACQ06
MER_238a6f5820,IN,Transit,M-2,True,0.673,0.765,23,0.404,ACQ05
MER_79afb7fbbb,IN-NP,Hotels,M-3,False,0.634,0.806,0,0.4,ACQ02
MER_9ec19c81e5,IN-NP,Transit,M-2,True,0.713,0.64,6,0.345,ACQ05
MER_a65d6cf770,IN-KH,Museum/Attraction,M-3,False,0.866,0.125,0,0.053,ACQ02
MER_1470602a4b,IN-MU,Hotels,M-4,True,0.968,0.139,16,0.055,ACQ06
MER_1e8f2d48b8,IN-FR,Hotels,M-1,True,0.776,0.416,0,0.218,ACQ05
MER_a84ebd2747,IN-LK,Museum/Attraction,M-2,True,0.795,0.635,5,0.259,ACQ05
MER_64d2552fb8,IN,Museum/Attraction,M-3,False,0.851,0.451,0,0.22,ACQ03
MER_2723513506,IN-LK,Hotels,M-2,True,0.816,0.857,18,0.236,ACQ02
MER_7ac6457884,IN,Grocery/Retail,M-2,True,0.734,0.337,18,0.276,ACQ06
MER_f26feca42a,IN-KH,Transit,M-3,False,0.817,0.664,0,0.182,ACQ06
MER_94eac518a5,IN-SG,Hotels,M-4,True,0.822,0.745,29,0.091,ACQ04
MER_a0e3fee577,IN,Hotels,M-4,True,0.905,0.598,20,0.045,ACQ05
MER_82b650ebb0,IN-BT,Hotels,M-2,True,0.59,0.334,11,0.437,ACQ03
MER_80a074a63c,IN-MU,Hotels,M-2,True,0.772,0.506,32,0.311,ACQ05
MER_ea23a21bdf,IN-FR,Dept Store,M-3,False,0.41,0.252,0,0.588,ACQ02
MER_aff542e693,IN-LK,Hotels,M-3,False,0.71,0.173,0,0.307,ACQ01
MER_c70f1d7856,IN-AE,Hotels,M-2,True,0.626,0.583,25,0.352,ACQ02
MER_15d9a03ac9,IN-SG,Hotels,M-4,True,0.96,0.48,22,0.115,ACQ02
MER_81c3033ccf,IN-QA,Hotels,M-3,False,0.479,0.242,0,0.496,ACQ04
MER_d4b62531a8,IN,Misc Retail,M-1,True,0.819,0.89,0,0.152,ACQ03
MER_b4fd99c3f5,IN-SG,Hotels,M-2,True,0.637,0.493,2,0.404,ACQ02
MER_2c24d4d32c,IN-FR,Hotels,M-2,True,0.673,0.79,8,0.336,ACQ01
MER_44e18dce71,IN-LK,Hotels,M-1,True,0.858,0.827,16,0.129,ACQ06
MER_7be1774a5f,IN-SG,Gift/Souvenir,M-3,False,0.681,0.987,0,0.299,ACQ04
MER_59a9b08606,IN-AE,Restaurants,M-4,True,0.978,0.845,10,0.02,ACQ03
MER_a39b51056b,IN-AE,Grocery/Retail,M-3,False,0.806,0.941,0,0.174,ACQ01
MER_302dc23876,IN-NP,Hotels,M-2,True,0.739,0.824,25,0.328,ACQ03
MER_b6ddcb2a97,IN-FR,Hotels,M-2,True,0.73,0.269,5,0.258,ACQ03
MER_362374c867,IN-QA,Hotels,M-2,True,0.644,0.18,29,0.374,ACQ05
MER_cea769930d,IN-KH,Hotels,M-1,True,0.948,0.244,0,0.065,ACQ05
MER_031f759984,IN,Grocery/Retail,M-2,True,0.659,0.978,42,0.416,ACQ05
MER_539ef044c4,IN-MU,Restaurants,M-2,True,0.605,0.347,12,0.304,ACQ05
MER_a8cdb519c9,IN-KH,Misc Retail,M-1,True,0.933,0.34,0,0.099,ACQ05
MER_f6d2f60188,IN-NP,Hotels,M-1,True,0.886,0.634,1,0.106,ACQ05
MER_174a799fa4,IN-AE,Hotels,M-3,False,0.564,0.207,0,0.331,ACQ04
MER_8ed4393180,IN-KH,Gift/Souvenir,M-1,True,0.627,0.236,0,0.288,ACQ03
MER_2528bb3645,IN,Museum/Attraction,M-1,True,0.825,0.356,15,0.196,ACQ05
MER_7b0e662403,IN-FR,Hotels,M-3,False,0.825,0.717,0,0.1,ACQ04
MER_41f55cd538,IN-QA,Hotels,M-3,False,0.963,0.267,0,0.02,ACQ03
MER_97e5eebb29,IN-KH,Grocery/Retail,M-2,True,0.58,0.117,12,0.448,ACQ05
MER_0279330512,IN-AE,Hotels,M-2,True,0.453,0.514,29,0.464,ACQ05
MER_bb816a3d06,IN-AE,Hotels,M-3,False,0.527,0.232,0,0.494,ACQ02
MER_1755cda4db,IN-QA,Hotels,M-3,False,0.671,0.113,0,0.265,ACQ02
MER_f0f2d178af,IN,Grocery/Retail,M-2,True,0.62,0.57,18,0.392,ACQ01
MER_9cd8eb9cdd,IN-LK,Hotels,M-2,True,0.673,0.241,21,0.391,ACQ06
MER_2522555d9f,IN-QA,Grocery/Retail,M-4,True,0.839,0.893,23,0.036,ACQ02
MER_56e84fdf09,IN-LK,Grocery/Retail,M-3,False,0.678,0.38,0,0.417,ACQ01
MER_a667b328ff,IN,Dept Store,M-3,False,0.644,0.331,0,0.389,ACQ01
MER_00cf6a0c10,IN-BT,Transit,M-1,True,0.99,0.338,1,0.033,ACQ03
MER_3069ce0748,IN-LK,Gift/Souvenir,M-1,True,0.88,0.396,23,0.165,ACQ04
MER_7120dff3a3,IN,Hotels,M-1,True,0.99,0.796,5,0.064,ACQ06
MER_66a4a5f2bd,IN-QA,Hotels,M-2,True,0.831,0.813,22,0.218,ACQ06
MER_a42025435f,IN-AE,Gift/Souvenir,M-3,False,0.689,0.383,0,0.339,ACQ01
MER_5fc83f2651,IN-MU,Hotels,M-3,False,0.478,0.76,0,0.426,ACQ03
MER_0038ad52d4,IN-NP,Hotels,M-2,True,0.452,0.565,19,0.572,ACQ02
MER_e5898b5aef,IN,Hotels,M-1,True,0.848,0.6,9,0.137,ACQ03
MER_7429912f48,IN-LK,Transport/Taxi,M-1,True,0.521,0.522,0,0.493,ACQ03
MER_6dd7130143,IN-FR,Hotels,M-3,False,0.737,0.641,0,0.279,ACQ04
MER_81c09d9010,IN-SG,Gift/Souvenir,M-2,True,0.391,0.937,23,0.572,ACQ03
MER_d10ee5ac17,IN-NP,Gift/Souvenir,M-4,True,0.926,0.699,11,0.089,ACQ02
MER_7f864138b3,IN-BT,Grocery/Retail,M-1,True,0.637,0.887,0,0.364,ACQ05
MER_22ec5f5194,IN,Dept Store,M-2,True,0.713,0.801,9,0.262,ACQ03
MER_1389fce540,IN-LK,Hotels,M-2,True,0.683,0.918,21,0.385,ACQ03
MER_afe143c495,IN-BT,Hotels,M-2,True,0.702,0.253,2,0.33,ACQ05
MER_bee2c9e41c,IN-LK,Hotels,M-1,True,0.839,0.32,14,0.14,ACQ02
MER_099bc95ef2,IN-MU,Hotels,M-3,False,0.618,0.267,0,0.353,ACQ05
MER_09dfcaaa08,IN-MU,Hotels,M-3,False,0.821,0.848,0,0.269,ACQ01
MER_2a426f581a,IN-NP,Museum/Attraction,M-4,True,0.99,0.612,8,0.02,ACQ01
MER_a5b5957302,IN-LK,Grocery/Retail,M-4,True,0.883,0.407,14,0.024,ACQ02
MER_47a2c35884,IN-QA,Hotels,M-3,False,0.695,0.732,0,0.328,ACQ05
MER_ed2e9d8508,IN-LK,Hotels,M-2,True,0.662,0.944,33,0.385,ACQ01
MER_27c15b04bc,IN-MU,Hotels,M-1,True,0.711,0.428,0,0.238,ACQ06
MER_168de6ac70,IN-AE,Hotels,M-2,True,0.511,0.709,6,0.525,ACQ01
MER_7547c98546,IN-LK,Hotels,M-2,True,0.704,0.967,12,0.256,ACQ06
MER_ef9f1324c8,IN-NP,Museum/Attraction,M-1,True,0.393,0.142,0,0.59,ACQ03
MER_ade6f84e11,IN-LK,Grocery/Retail,M-1,True,0.929,0.795,34,0.148,ACQ05
MER_410cae5b84,IN-QA,Museum/Attraction,M-2,True,0.755,0.641,20,0.329,ACQ02
MER_6997507ca8,IN-SG,Hotels,M-1,True,0.745,0.316,9,0.171,ACQ01
MER_341013b01c,IN-AE,Hotels,M-4,True,0.99,0.358,19,0.02,ACQ05
MER_26de0a678e,IN-LK,Museum/Attraction,M-2,True,0.746,0.869,11,0.268,ACQ05
MER_5aa2f9cac7,IN-QA,Transport/Taxi,M-1,True,0.795,0.338,16,0.178,ACQ02
MER_3439d263aa,IN-LK,Gift/Souvenir,M-2,True,0.631,0.677,2,0.321,ACQ02
MER_4983033e23,IN-FR,Transport/Taxi,M-1,True,0.887,0.529,0,0.05,ACQ02
MER_74aa3100e3,IN-NP,Hotels,M-1,True,0.791,0.249,8,0.18,ACQ01
MER_9a4fd714c4,IN-MU,Gift/Souvenir,M-2,True,0.428,0.138,19,0.578,ACQ05
MER_c7b12f9d90,IN-LK,Hotels,M-4,True,0.911,0.247,13,0.11,ACQ06
MER_a9b383be3e,IN,Hotels,M-2,True,0.699,0.838,30,0.235,ACQ03
MER_e651d4a8b8,IN-KH,Hotels,M-1,True,0.857,0.709,10,0.185,ACQ02
MER_c76fb1b799,IN-BT,Hotels,M-2,True,0.576,0.894,19,0.472,ACQ02
MER_35f7992e10,IN-SG,Hotels,M-2,True,0.583,0.98,24,0.39,ACQ02
MER_69d6705341,IN-NP,Hotels,M-3,False,0.854,0.175,0,0.086,ACQ06
MER_502b29f517,IN-QA,Hotels,M-1,True,0.826,0.484,27,0.133,ACQ03
MER_b9f34456db,IN-LK,Grocery/Retail,M-3,False,0.508,0.905,0,0.475,ACQ01
MER_cfdbcd1e0d,IN-KH,Hotels,M-2,True,0.666,0.785,2,0.266,ACQ03
MER_b979b9d199,IN-AE,Hotels,M-2,True,0.704,0.193,2,0.244,ACQ03
MER_106f283828,IN-AE,Hotels,M-3,False,0.816,0.646,0,0.183,ACQ01
MER_21d08a0a67,IN,Hotels,M-3,False,0.671,0.582,0,0.355,ACQ06
MER_b731f1ad35,IN-KH,Hotels,M-1,True,0.905,0.301,36,0.164,ACQ06
MER_ac2a525c8a,IN-LK,Hotels,M-3,False,0.336,0.879,0,0.6,ACQ02
MER_ce0fd7b0aa,IN-BT,Misc Retail,M-1,True,0.833,0.288,2,0.185,ACQ05
MER_c3f9e80b30,IN-LK,Hotels,M-1,True,0.907,0.451,26,0.18,ACQ04
MER_d986a2b99b,IN,Hotels,M-3,False,0.665,0.413,0,0.375,ACQ02
MER_46221db9d0,IN-SG,Hotels,M-2,True,0.577,0.924,11,0.409,ACQ04
MER_3ebb70074d,IN,Hotels,M-4,True,0.921,0.643,23,0.067,ACQ01
MER_535f909057,IN-KH,Grocery/Retail,M-3,False,0.924,0.121,0,0.082,ACQ02
MER_3e56cd125c,IN-NP,Hotels,M-3,False,0.8,0.809,0,0.269,ACQ01
MER_ae22124b53,IN,Hotels,M-1,True,0.89,0.571,0,0.147,ACQ02
MER_185fda19a7,IN-BT,Grocery/Retail,M-4,True,0.988,0.638,9,0.072,ACQ01
MER_d25de52bbe,IN-BT,Misc Retail,M-2,True,0.718,0.408,13,0.277,ACQ03
MER_56b94e0852,IN-SG,Grocery/Retail,M-3,False,0.789,0.995,0,0.214,ACQ03
MER_24f25b8954,IN-NP,Hotels,M-3,False,0.73,0.869,0,0.213,ACQ06
MER_cd67fcefd4,IN-NP,Hotels,M-3,False,0.851,0.934,0,0.146,ACQ01
MER_f777f63268,IN-BT,Misc Retail,M-2,True,0.541,0.182,3,0.322,ACQ03
MER_1bd0f63e62,IN-SG,Hotels,M-2,True,0.622,0.437,37,0.406,ACQ04
MER_7a5d36e9c9,IN-NP,Hotels,M-2,True,0.627,0.532,11,0.452,ACQ01
MER_c184f3d9d4,IN-QA,Gift/Souvenir,M-2,True,0.442,0.158,6,0.511,ACQ03
MER_6946faf0f7,IN-QA,Hotels,M-2,True,0.753,0.425,2,0.325,ACQ01
MER_b11311c854,IN-SG,Hotels,M-3,False,0.99,0.934,0,0.024,ACQ05
MER_86e6574aa8,IN-SG,Misc Retail,M-2,True,0.565,0.272,42,0.512,ACQ02
MER_d53b01050a,IN,Transit,M-3,False,0.594,0.522,0,0.372,ACQ01
MER_2ccc95d281,IN-MU,Hotels,M-2,True,0.764,0.666,24,0.336,ACQ03
MER_51ed977d80,IN-BT,Hotels,M-2,True,0.684,0.547,17,0.354,ACQ01
MER_1d36c43366,IN-AE,Hotels,M-1,True,0.946,0.245,6,0.024,ACQ05
MER_549c0e3aeb,IN-MU,Grocery/Retail,M-2,True,0.611,0.809,25,0.344,ACQ06
MER_20a5a2a4c9,IN-SG,Hotels,M-1,True,0.93,0.672,0,0.073,ACQ03
MER_0e7248a0e7,IN-LK,Transport/Taxi,M-1,True,0.899,0.832,20,0.14,ACQ02
MER_861e4f6c59,IN-QA,Hotels,M-3,False,0.672,0.713,0,0.35,ACQ06
MER_6761b0f189,IN-FR,Hotels,M-3,False,0.843,0.877,0,0.227,ACQ06
MER_a8fc64f9f3,IN-NP,Hotels,M-3,False,0.802,0.923,0,0.265,ACQ01
MER_aa2b3b9d2a,IN-BT,Hotels,M-2,True,0.769,0.648,33,0.203,ACQ05
MER_a151d37ff5,IN-KH,Transport/Taxi,M-3,False,0.99,0.91,0,0.02,ACQ02
MER_880e0d6976,IN,Transport/Taxi,M-1,True,0.803,0.181,9,0.19,ACQ03
MER_7f5f6e71de,IN-AE,Hotels,M-2,True,0.421,0.284,10,0.6,ACQ01
MER_c084dd4ef9,IN-FR,Misc Retail,M-3,False,0.808,0.827,0,0.079,ACQ02
MER_33a59db197,IN-MU,Hotels,M-3,False,0.675,0.493,0,0.376,ACQ03
MER_1a61984fc1,IN-AE,Hotels,M-1,True,0.783,0.554,12,0.137,ACQ04
MER_4f3c1acbb4,IN-SG,Hotels,M-3,False,0.833,0.191,0,0.18,ACQ04
MER_096ee41df8,IN-NP,Hotels,M-4,True,0.99,0.926,25,0.033,ACQ02
MER_4982a4b0fb,IN-LK,Hotels,M-2,True,0.693,0.286,18,0.336,ACQ01
MER_66b2a430e4,IN-NP,Hotels,M-3,False,0.755,0.42,0,0.197,ACQ04
MER_8d97ee1172,IN-MU,Hotels,M-4,True,0.964,0.338,60,0.06,ACQ06
MER_c297c38fbe,IN-SG,Gift/Souvenir,M-2,True,0.431,0.615,23,0.6,ACQ04
MER_ac5cea8006,IN-AE,Museum/Attraction,M-2,True,0.537,0.638,25,0.413,ACQ04
MER_01ecdbdfd7,IN-BT,Restaurants,M-1,True,0.751,0.416,0,0.271,ACQ06
MER_52937b0ddd,IN-BT,Hotels,M-1,True,0.875,0.717,0,0.052,ACQ04
MER_80b1736ddc,IN-KH,Dept Store,M-2,True,0.69,0.386,7,0.215,ACQ01
MER_385f885273,IN-MU,Hotels,M-2,True,0.702,0.367,25,0.299,ACQ05
MER_26f73c63ed,IN-MU,Hotels,M-1,True,0.855,0.83,3,0.105,ACQ06
MER_3b63fbc3c2,IN-BT,Hotels,M-1,True,0.936,0.513,17,0.133,ACQ02
MER_9278258bdf,IN-SG,Museum/Attraction,M-3,False,0.66,0.978,0,0.257,ACQ06
MER_f03c44bf73,IN-BT,Hotels,M-2,True,0.739,0.178,21,0.277,ACQ06
MER_8614c7d33e,IN-FR,Grocery/Retail,M-1,True,0.896,0.85,0,0.126,ACQ03
MER_d897ab0033,IN-MU,Transport/Taxi,M-3,False,0.868,0.877,0,0.109,ACQ06
MER_2b69bcf147,IN-AE,Transit,M-2,True,0.569,0.357,25,0.416,ACQ05
MER_a2273a01e9,IN-LK,Hotels,M-2,True,0.78,0.967,2,0.257,ACQ05
MER_8d3df5a0fd,IN-LK,Hotels,M-1,True,0.775,0.303,0,0.279,ACQ06
MER_326fd8f030,IN-FR,Grocery/Retail,M-2,True,0.682,0.533,30,0.244,ACQ02
MER_de397ff5c4,IN-FR,Hotels,M-4,True,0.99,0.55,22,0.02,ACQ03
MER_9c7148cfa2,IN-KH,Hotels,M-1,True,0.811,0.687,17,0.199,ACQ03
MER_815d9669d6,IN,Hotels,M-3,False,0.837,0.675,0,0.179,ACQ03
MER_4a3c5f26d4,IN-QA,Museum/Attraction,M-2,True,0.706,0.547,23,0.305,ACQ02
MER_e06d4a4cc3,IN-KH,Dept Store,M-3,False,0.646,0.334,0,0.368,ACQ01
MER_19e2ebcbab,IN-SG,Gift/Souvenir,M-2,True,0.563,0.814,16,0.445,ACQ04
MER_591f3dc67b,IN,Hotels,M-4,True,0.99,0.208,7,0.109,ACQ05
MER_bf1cc5913d,IN-MU,Hotels,M-3,False,0.692,0.552,0,0.29,ACQ05
MER_3d35fd4652,IN-FR,Hotels,M-2,True,0.777,0.314,36,0.263,ACQ02
MER_0a534eaba1,IN-AE,Gift/Souvenir,M-1,True,0.887,0.495,23,0.196,ACQ06
MER_db7d18e6e1,IN-FR,Restaurants,M-1,True,0.91,0.195,26,0.145,ACQ05
MER_78bbd5335a,IN-SG,Gift/Souvenir,M-1,True,0.781,0.325,5,0.167,ACQ04
MER_4d5677fd41,IN-QA,Gift/Souvenir,M-3,False,0.511,0.691,0,0.421,ACQ06
MER_2807cba7c7,IN,Hotels,M-2,True,0.661,0.14,8,0.396,ACQ01
MER_5c859b19ba,IN-FR,Transport/Taxi,M-1,True,0.882,0.619,6,0.166,ACQ05
MER_14cac00527,IN-LK,Hotels,M-1,True,0.754,0.172,0,0.23,ACQ01
MER_6766dafda9,IN-BT,Hotels,M-2,True,0.63,0.969,22,0.309,ACQ06
MER_011fa912fc,IN-AE,Museum/Attraction,M-1,True,0.865,0.337,16,0.135,ACQ06
MER_ed36e2ecd7,IN-BT,Transit,M-3,False,0.685,0.95,0,0.347,ACQ01
MER_1a2bc51d71,IN-KH,Hotels,M-1,True,0.76,0.903,7,0.179,ACQ05
MER_b9017f4018,IN-QA,Gift/Souvenir,M-2,True,0.598,0.635,39,0.441,ACQ03
MER_59ae245543,IN-SG,Grocery/Retail,M-3,False,0.816,0.393,0,0.184,ACQ06
MER_64123e70e8,IN,Museum/Attraction,M-3,False,0.611,0.262,0,0.358,ACQ02
MER_7a5de74fe8,IN-QA,Museum/Attraction,M-2,True,0.854,0.886,23,0.2,ACQ03
MER_1c90159e0a,IN-FR,Hotels,M-2,True,0.771,0.214,7,0.263,ACQ01
MER_cacc04bd4d,IN-AE,Dept Store,M-5,True,0.789,0.368,1,0.198,ACQ05
MER_5fea4982af,IN-MU,Gift/Souvenir,M-3,False,0.751,0.232,0,0.376,ACQ03
MER_cc659312e3,IN-KH,Transit,M-3,False,0.704,0.178,0,0.267,ACQ02
MER_cc7c17ac85,IN-KH,Hotels,M-3,False,0.725,0.423,0,0.366,ACQ04
MER_2f6aaddfa9,IN-FR,Grocery/Retail,M-2,True,0.596,0.958,13,0.452,ACQ05
MER_18918e825b,IN-KH,Gift/Souvenir,M-4,True,0.97,0.122,13,0.02,ACQ01
MER_15b293871d,IN-QA,Hotels,M-1,True,0.781,0.724,7,0.197,ACQ02
MER_8ba0d01c99,IN,Hotels,M-1,True,0.856,0.629,0,0.205,ACQ04
MER_cd92c9fac9,IN-FR,Grocery/Retail,M-2,True,0.612,0.882,7,0.305,ACQ05
MER_d7b0d882db,IN-QA,Hotels,M-2,True,0.689,0.265,2,0.247,ACQ01
MER_deadab4006,IN-SG,Hotels,M-2,True,0.562,0.945,4,0.458,ACQ03
MER_caa27d17af,IN-BT,Misc Retail,M-2,True,0.793,0.865,24,0.206,ACQ01
MER_0ec0f04daa,IN-BT,Restaurants,M-2,True,0.644,0.393,16,0.374,ACQ06
MER_f5bc6000c7,IN-NP,Museum/Attraction,M-3,False,0.548,0.679,0,0.483,ACQ04
MER_fcd65e412e,IN-NP,Grocery/Retail,M-4,True,0.946,0.281,47,0.054,ACQ02
MER_842001c916,IN-MU,Hotels,M-1,True,0.818,0.534,0,0.152,ACQ06
MER_aca00e4b7b,IN-BT,Gift/Souvenir,M-1,True,0.782,0.479,5,0.111,ACQ04
MER_a1a4d8009b,IN-LK,Hotels,M-2,True,0.64,0.195,10,0.391,ACQ02
MER_729bffa3bc,IN,Hotels,M-2,True,0.752,0.53,5,0.281,ACQ05
MER_0847d0973b,IN-BT,Hotels,M-2,True,0.646,0.996,11,0.403,ACQ05
MER_f3a382db8e,IN-FR,Misc Retail,M-3,False,0.789,0.242,0,0.126,ACQ04
MER_c46c96a05e,IN-MU,Hotels,M-2,True,0.679,0.847,7,0.377,ACQ02
MER_36904ea4ff,IN-NP,Hotels,M-2,True,0.838,0.327,7,0.292,ACQ01
MER_2ff739c81e,IN-FR,Hotels,M-1,True,0.842,0.1,17,0.186,ACQ01
MER_8c7df9858e,IN-SG,Hotels,M-1,True,0.81,0.723,24,0.144,ACQ04
MER_9d4f5d463c,IN-SG,Restaurants,M-3,False,0.343,0.17,0,0.6,ACQ06
MER_7f8c7c16fe,IN-BT,Hotels,M-3,False,0.771,0.854,0,0.145,ACQ03
MER_587395b878,IN-LK,Hotels,M-2,True,0.631,0.981,13,0.384,ACQ01
MER_6cc6c6329e,IN-FR,Restaurants,M-1,True,0.673,0.471,0,0.298,ACQ03
MER_1c01b350cc,IN-KH,Hotels,M-1,True,0.679,0.504,0,0.333,ACQ03
MER_2ed6637bc2,IN-KH,Gift/Souvenir,M-2,True,0.691,0.742,29,0.21,ACQ03
MER_062cf75c4b,IN-KH,Hotels,M-2,True,0.825,0.716,21,0.237,ACQ06
MER_d115106c0e,IN-AE,Hotels,M-3,False,0.79,0.429,0,0.189,ACQ04
MER_9a04a6ca63,IN-AE,Hotels,M-3,False,0.889,0.644,0,0.077,ACQ03
MER_7eb4cfb5b1,IN-QA,Museum/Attraction,M-4,True,0.858,0.713,9,0.095,ACQ01
MER_5278e6d356,IN-BT,Transit,M-1,True,0.844,0.384,19,0.176,ACQ01
MER_748adc8a91,IN-BT,Misc Retail,M-3,False,0.668,0.515,0,0.262,ACQ01
MER_484b46a1d7,IN-FR,Hotels,M-1,True,0.64,0.699,0,0.32,ACQ04
MER_d96cb18d16,IN-SG,Hotels,M-4,True,0.861,0.147,20,0.107,ACQ06
MER_207c14f8e5,IN-SG,Transit,M-2,True,0.721,0.18,19,0.227,ACQ05
MER_3cd1bb4fe9,IN-LK,Transit,M-3,False,0.763,0.238,0,0.197,ACQ06
MER_bd52909bec,IN-KH,Transit,M-2,True,0.61,0.927,29,0.488,ACQ06
MER_70f5f07f27,IN-FR,Hotels,M-2,True,0.768,0.464,20,0.26,ACQ03
MER_733c5418bf,IN-QA,Hotels,M-4,True,0.99,0.739,40,0.02,ACQ06
MER_bfbba0f69d,IN-FR,Hotels,M-2,True,0.784,0.35,29,0.25,ACQ01
MER_93d31753cd,IN-BT,Hotels,M-2,True,0.699,0.829,3,0.326,ACQ06
MER_b8325f8a53,IN-BT,Hotels,M-1,True,0.922,0.908,4,0.094,ACQ05
MER_4ca418fa09,IN,Grocery/Retail,M-2,True,0.704,0.513,27,0.27,ACQ01
MER_017b505bd7,IN-QA,Transport/Taxi,M-1,True,0.95,0.872,0,0.02,ACQ02
MER_f0f4a78692,IN-NP,Hotels,M-3,False,0.99,0.752,0,0.02,ACQ03
MER_087db111f4,IN-QA,Hotels,M-2,True,0.747,0.126,25,0.305,ACQ02
MER_c178cc78c0,IN-MU,Hotels,M-1,True,0.757,0.842,16,0.171,ACQ04
MER_a171810a1b,IN-BT,Grocery/Retail,M-3,False,0.684,0.684,0,0.422,ACQ06
MER_c70be713c8,IN-LK,Hotels,M-1,True,0.603,0.629,0,0.402,ACQ06
MER_94bd681cc6,IN-LK,Hotels,M-4,True,0.99,0.423,23,0.02,ACQ02
MER_e9bfc2d7bb,IN,Hotels,M-3,False,0.716,0.21,0,0.335,ACQ05
MER_7c13652dc4,IN-LK,Grocery/Retail,M-2,True,0.68,0.343,20,0.281,ACQ04
MER_a5baab19a0,IN-FR,Transit,M-1,True,0.559,0.588,0,0.397,ACQ06
MER_dc5179ff32,IN-LK,Gift/Souvenir,M-1,True,0.431,0.114,0,0.592,ACQ03
MER_db90bbfa05,IN-KH,Hotels,M-1,True,0.822,0.461,4,0.115,ACQ01
MER_e6b0626b80,IN,Hotels,M-1,True,0.887,0.583,9,0.158,ACQ03
MER_55168ae84b,IN,Transport/Taxi,M-2,True,0.786,0.451,12,0.266,ACQ03
MER_d3d0018e1c,IN-SG,Restaurants,M-2,True,0.81,0.508,12,0.283,ACQ03
MER_fd35ddc662,IN-LK,Hotels,M-2,True,0.766,0.502,11,0.287,ACQ02
MER_2a9d63a633,IN,Hotels,M-2,True,0.821,0.825,26,0.25,ACQ05
MER_a5be0eccb8,IN-LK,Grocery/Retail,M-2,True,0.814,0.193,15,0.243,ACQ02
MER_905662576b,IN-FR,Hotels,M-2,True,0.678,0.8,2,0.213,ACQ06
MER_87cd78a00c,IN-MU,Grocery/Retail,M-1,True,0.828,0.296,0,0.184,ACQ06
MER_2d71abf163,IN-NP,Hotels,M-2,True,0.591,0.62,30,0.351,ACQ02
MER_4bd4f4d9ed,IN-LK,Hotels,M-2,True,0.7,0.589,23,0.313,ACQ03
MER_3ea6a84386,IN-SG,Hotels,M-1,True,0.696,0.335,0,0.3,ACQ03
MER_72b771232a,IN-LK,Dept Store,M-2,True,0.755,0.584,12,0.282,ACQ02
MER_cce9b2ef98,IN-NP,Hotels,M-2,True,0.627,0.632,12,0.314,ACQ03
MER_ee7bf02db5,IN-BT,Hotels,M-3,False,0.791,0.68,0,0.139,ACQ03
MER_fc1a0e8cf1,IN,Hotels,M-2,True,0.669,0.171,10,0.282,ACQ04
MER_e8ddad6850,IN-QA,Hotels,M-2,True,0.713,0.271,9,0.253,ACQ01
MER_ed26c52ce8,IN-KH,Hotels,M-4,True,0.958,0.708,14,0.02,ACQ02
MER_12c8189b2e,IN-NP,Hotels,M-2,True,0.775,0.98,15,0.222,ACQ06
MER_e388936fce,IN-AE,Hotels,M-2,True,0.686,0.924,7,0.265,ACQ01
MER_7cabcd8e3b,IN-FR,Grocery/Retail,M-2,True,0.635,0.364,14,0.38,ACQ05
MER_9f19e78e11,IN-KH,Grocery/Retail,M-2,True,0.598,0.963,29,0.447,ACQ04
MER_abee3fd720,IN-MU,Hotels,M-3,False,0.774,0.568,0,0.277,ACQ06
MER_8cf425a642,IN-AE,Misc Retail,M-1,True,0.759,0.889,26,0.17,ACQ02
MER_0ff6bcda39,IN-FR,Hotels,M-1,True,0.704,0.193,0,0.36,ACQ05
MER_4b481e875b,IN-LK,Dept Store,M-3,False,0.732,0.393,0,0.26,ACQ06
MER_1ad86b54b8,IN-FR,Hotels,M-3,False,0.427,0.849,0,0.6,ACQ02
MER_f3df9d0f4f,IN-LK,Hotels,M-2,True,0.442,0.596,50,0.582,ACQ03
MER_9888660cc5,IN-QA,Hotels,M-2,True,0.5,0.556,13,0.533,ACQ02
MER_779f549e3e,IN-KH,Grocery/Retail,M-1,True,0.56,0.678,0,0.472,ACQ01
MER_c2fe7e92f7,IN,Hotels,M-2,True,0.454,0.33,22,0.557,ACQ03
MER_7039b8978a,IN-KH,Misc Retail,M-2,True,0.718,0.69,19,0.269,ACQ05
MER_cfc4ca66c1,IN-LK,Hotels,M-1,True,0.819,0.124,21,0.142,ACQ06
MER_b1c5d162fb,IN-QA,Hotels,M-1,True,0.718,0.81,26,0.19,ACQ06
MER_bef249d1d0,IN-FR,Transit,M-2,True,0.726,0.99,21,0.246,ACQ02
MER_fec81987ca,IN-QA,Hotels,M-3,False,0.776,0.568,0,0.326,ACQ05
MER_4ef028ca76,IN-SG,Misc Retail,M-2,True,0.63,0.139,29,0.278,ACQ02
MER_8f14daa4c1,IN-NP,Hotels,M-4,True,0.99,0.821,18,0.052,ACQ03
MER_341736bc87,IN-MU,Hotels,M-1,True,0.759,0.883,0,0.301,ACQ05
MER_30cf47960e,IN-KH,Hotels,M-2,True,0.784,0.697,35,0.259,ACQ02
MER_eeb63c0e46,IN-LK,Hotels,M-2,True,0.634,0.396,18,0.4,ACQ04
MER_79826c0586,IN-QA,Hotels,M-2,True,0.569,0.532,8,0.394,ACQ02
MER_be30aaa55e,IN-MU,Restaurants,M-2,True,0.72,0.254,25,0.304,ACQ01
MER_736fb6a499,IN-KH,Hotels,M-3,False,0.99,0.505,0,0.054,ACQ01
MER_122c284821,IN-SG,Grocery/Retail,M-1,True,0.584,0.841,0,0.34,ACQ04
MER_d90ea8824f,IN,Hotels,M-2,True,0.496,0.542,27,0.505,ACQ05
MER_4e5672cfa6,IN-AE,Transit,M-2,True,0.565,0.69,30,0.415,ACQ01
MER_5941914c74,IN-SG,Dept Store,M-2,True,0.576,0.548,17,0.509,ACQ06
MER_181427ea2e,IN-KH,Hotels,M-3,False,0.601,0.679,0,0.423,ACQ02
MER_bebb2c594c,IN-KH,Hotels,M-3,False,0.684,0.57,0,0.289,ACQ01
MER_08e6a8c058,IN-LK,Museum/Attraction,M-1,True,0.796,0.862,7,0.145,ACQ04
MER_b7afb64138,IN-NP,Gift/Souvenir,M-3,False,0.867,0.239,0,0.104,ACQ05
MER_67e3f21963,IN-QA,Hotels,M-3,False,0.769,0.52,0,0.177,ACQ01
MER_0d0554bf39,IN-NP,Hotels,M-2,True,0.549,0.798,8,0.322,ACQ03
MER_013c6dce63,IN-SG,Hotels,M-3,False,0.743,0.39,0,0.298,ACQ06
MER_978aa7805c,IN-AE,Transport/Taxi,M-3,False,0.644,0.128,0,0.377,ACQ01
MER_1d14be8204,IN-FR,Hotels,M-2,True,0.613,0.233,11,0.344,ACQ01
MER_a2c2dc9af5,IN-KH,Gift/Souvenir,M-2,True,0.586,0.103,13,0.463,ACQ03
MER_28e9576839,IN-KH,Museum/Attraction,M-2,True,0.739,0.412,2,0.274,ACQ04
MER_7a5167c49d,IN-BT,Transport/Taxi,M-2,True,0.402,0.376,36,0.533,ACQ04
MER_9ddc655b5b,IN-SG,Transport/Taxi,M-4,True,0.904,0.351,31,0.104,ACQ03
MER_7589f111df,IN-AE,Hotels,M-1,True,0.834,0.289,0,0.198,ACQ06
MER_0d1fcd855a,IN-BT,Hotels,M-1,True,0.828,0.962,14,0.189,ACQ05
MER_451857a3d2,IN-QA,Hotels,M-1,True,0.848,0.92,18,0.152,ACQ02
MER_4caee0bcce,IN-LK,Hotels,M-2,True,0.629,0.949,18,0.341,ACQ01
MER_47b0f4ba37,IN-FR,Hotels,M-2,True,0.788,0.64,23,0.22,ACQ01
MER_921d6d0af7,IN-SG,Hotels,M-2,True,0.576,0.549,2,0.434,ACQ06
MER_c65f3b3559,IN-LK,Museum/Attraction,M-2,True,0.57,0.513,8,0.432,ACQ02
MER_da7da97764,IN-KH,Hotels,M-3,False,0.77,0.806,0,0.252,ACQ05
MER_95abda0f8c,IN-LK,Hotels,M-2,True,0.709,0.994,20,0.202,ACQ05
MER_5ab3e87c74,IN,Hotels,M-2,True,0.547,0.645,35,0.481,ACQ02
MER_c785f75b5d,IN-MU,Museum/Attraction,M-3,False,0.808,0.312,0,0.293,ACQ01
MER_185d65f479,IN-FR,Gift/Souvenir,M-1,True,0.835,0.264,0,0.166,ACQ04
MER_8094856c8e,IN-BT,Hotels,M-3,False,0.766,0.731,0,0.208,ACQ05
MER_e81c895bc6,IN-KH,Grocery/Retail,M-4,True,0.867,0.365,24,0.098,ACQ05
MER_23bc29cde0,IN-KH,Museum/Attraction,M-3,False,0.761,0.201,0,0.323,ACQ01
MER_63a7ce04a2,IN-AE,Hotels,M-2,True,0.674,0.637,13,0.28,ACQ03
MER_33f16c351b,IN-QA,Hotels,M-1,True,0.765,0.531,17,0.177,ACQ05
MER_70b577066d,IN-LK,Hotels,M-2,True,0.524,0.777,25,0.437,ACQ04
MER_604d484e4e,IN-NP,Museum/Attraction,M-2,True,0.782,0.15,19,0.201,ACQ02
MER_17c571cad6,IN-NP,Hotels,M-2,True,0.659,0.954,17,0.35,ACQ01
MER_3a6166a1ab,IN-MU,Gift/Souvenir,M-2,True,0.646,0.481,13,0.269,ACQ02
MER_ae9fc3e0b6,IN-AE,Hotels,M-3,False,0.903,0.665,0,0.02,ACQ02
MER_c8551280cc,IN-KH,Hotels,M-3,False,0.822,0.99,0,0.245,ACQ03
MER_8b584051b8,IN-SG,Hotels,M-3,False,0.807,0.953,0,0.227,ACQ02
MER_b79eb451da,IN,Museum/Attraction,M-3,False,0.715,0.414,0,0.283,ACQ04
MER_63ffde438f,IN-LK,Hotels,M-1,True,0.828,0.871,25,0.148,ACQ02
MER_b13aae6936,IN-MU,Transport/Taxi,M-2,True,0.701,0.45,24,0.333,ACQ05
MER_7cca8284ad,IN-BT,Hotels,M-2,True,0.675,0.135,17,0.285,ACQ02
MER_6a2868f3fa,IN,Restaurants,M-2,True,0.723,0.663,3,0.269,ACQ05
MER_12ec4c347d,IN-MU,Gift/Souvenir,M-2,True,0.78,0.638,9,0.205,ACQ03
MER_b3b622b6d4,IN-KH,Hotels,M-3,False,0.727,0.722,0,0.252,ACQ05
MER_47589180a3,IN-AE,Hotels,M-2,True,0.758,0.584,17,0.26,ACQ05
MER_e025da5480,IN-NP,Hotels,M-1,True,0.842,0.423,0,0.119,ACQ06
MER_9ce60b3900,IN-LK,Hotels,M-2,True,0.669,0.893,8,0.364,ACQ02
MER_04fb3cc668,IN-LK,Hotels,M-2,True,0.696,0.854,16,0.305,ACQ03
MER_923f063703,IN-QA,Grocery/Retail,M-3,False,0.571,0.671,0,0.45,ACQ02
MER_0d3115ad22,IN-NP,Gift/Souvenir,M-1,True,0.88,0.768,0,0.15,ACQ02
MER_c3a6d789c5,IN,Hotels,M-4,True,0.942,0.973,9,0.06,ACQ05
MER_4378359715,IN-KH,Hotels,M-1,True,0.89,0.94,4,0.065,ACQ06
MER_91efd6286d,IN-SG,Hotels,M-2,True,0.734,0.791,17,0.284,ACQ04
MER_6056670922,IN-SG,Hotels,M-2,True,0.707,0.918,23,0.262,ACQ01
MER_ebe35eb783,IN-MU,Gift/Souvenir,M-2,True,0.716,0.246,23,0.284,ACQ03
MER_eca42f361d,IN-BT,Gift/Souvenir,M-1,True,0.824,0.636,16,0.135,ACQ03
MER_6bc32b96b9,IN-NP,Grocery/Retail,M-2,True,0.675,0.935,24,0.36,ACQ06
MER_7330d33381,IN-AE,Hotels,M-2,True,0.752,0.764,12,0.239,ACQ04
MER_e8f6e85627,IN-AE,Hotels,M-2,True,0.604,0.769,37,0.416,ACQ05
MER_18095efc21,IN-LK,Hotels,M-4,True,0.93,0.918,19,0.089,ACQ04
MER_72184ba992,IN-LK,Hotels,M-2,True,0.672,0.131,3,0.258,ACQ05
MER_e0edfb2368,IN-FR,Hotels,M-2,True,0.725,0.184,5,0.3,ACQ04
MER_c1d6647528,IN-NP,Hotels,M-3,False,0.798,0.874,0,0.227,ACQ03
MER_9f4a5e590e,IN-KH,Hotels,M-2,True,0.849,0.869,33,0.231,ACQ04
MER_a3a71f5392,IN-SG,Museum/Attraction,M-2,True,0.788,0.183,6,0.2,ACQ03
MER_b8c4b5cf61,IN-AE,Museum/Attraction,M-2,True,0.622,0.201,34,0.372,ACQ02
MER_6a2e1da351,IN-MU,Hotels,M-3,False,0.396,0.905,0,0.51,ACQ01
MER_37cfc2145f,IN-KH,Misc Retail,M-3,False,0.831,0.699,0,0.075,ACQ06
MER_261bff5bcc,IN-NP,Transit,M-4,True,0.948,0.266,28,0.076,ACQ06
MER_b042148b31,IN-QA,Hotels,M-2,True,0.844,0.69,21,0.205,ACQ05
MER_e5ee2affca,IN-NP,Restaurants,M-2,True,0.514,0.926,4,0.464,ACQ05
MER_d86124d939,IN-SG,Hotels,M-3,False,0.786,0.998,0,0.242,ACQ06
MER_f2e05b36ce,IN-AE,Transport/Taxi,M-2,True,0.747,0.373,29,0.33,ACQ02
MER_254598106b,IN-SG,Hotels,M-1,True,0.772,0.931,3,0.197,ACQ03
MER_8f6ab76739,IN-SG,Hotels,M-2,True,0.546,0.695,5,0.382,ACQ05
MER_606e6a8811,IN-MU,Restaurants,M-3,False,0.681,0.195,0,0.393,ACQ06
MER_2c5f21e28a,IN-MU,Museum/Attraction,M-3,False,0.77,0.155,0,0.16,ACQ02
MER_f7581dd56b,IN-BT,Hotels,M-1,True,0.901,0.169,0,0.067,ACQ01
MER_06c8078cc4,IN-NP,Hotels,M-2,True,0.756,0.842,4,0.272,ACQ04
MER_6450e5e55d,IN-KH,Gift/Souvenir,M-4,True,0.99,0.842,18,0.032,ACQ05
MER_b61ba5aae8,IN,Hotels,M-1,True,0.99,0.889,6,0.062,ACQ05
MER_d11ad3b64e,IN-QA,Hotels,M-2,True,0.584,0.275,1,0.495,ACQ02
MER_ab712c554e,IN-BT,Hotels,M-2,True,0.655,0.125,6,0.315,ACQ02
MER_bf2080d3d9,IN-LK,Hotels,M-2,True,0.516,0.463,16,0.483,ACQ05
MER_a803216e2d,IN-AE,Hotels,M-2,True,0.538,0.952,13,0.522,ACQ04
MER_acb49fd2ac,IN-FR,Hotels,M-2,True,0.371,0.526,18,0.6,ACQ03
MER_85f0075e67,IN,Gift/Souvenir,M-2,True,0.656,0.861,19,0.399,ACQ02
MER_8ec8956d0c,IN-LK,Misc Retail,M-2,True,0.78,0.875,8,0.214,ACQ02
MER_5f3c49395a,IN-MU,Misc Retail,M-2,True,0.716,0.771,45,0.232,ACQ02
MER_8e3c93821a,IN-AE,Gift/Souvenir,M-3,False,0.493,0.798,0,0.464,ACQ02
MER_8d1a42a822,IN-BT,Gift/Souvenir,M-2,True,0.729,0.776,7,0.262,ACQ06
MER_6a59b1a568,IN-NP,Hotels,M-1,True,0.594,0.835,0,0.374,ACQ04
MER_f16105e9ac,IN-AE,Transit,M-3,False,0.606,0.309,0,0.396,ACQ06
MER_6a9e204227,IN-LK,Grocery/Retail,M-1,True,0.815,0.874,9,0.188,ACQ01
MER_98ba7707e1,IN-FR,Hotels,M-3,False,0.796,0.241,0,0.22,ACQ02
MER_9d06a1a67d,IN-SG,Transit,M-2,True,0.579,0.357,14,0.352,ACQ05
MER_18c7cf80da,IN-KH,Hotels,M-1,True,0.601,0.775,0,0.405,ACQ03
MER_a4e8f5509f,IN-MU,Hotels,M-1,True,0.99,0.878,5,0.02,ACQ03
MER_452c1c49dd,IN-LK,Hotels,M-3,False,0.596,0.558,0,0.433,ACQ03
MER_5e9f932565,IN-SG,Hotels,M-2,True,0.629,0.527,13,0.406,ACQ05
MER_95532aff83,IN-LK,Transit,M-3,False,0.866,0.529,0,0.055,ACQ06
MER_ede26f435e,IN-SG,Hotels,M-3,False,0.675,0.749,0,0.306,ACQ03
MER_8e46542a2e,IN-MU,Misc Retail,M-2,True,0.434,0.543,11,0.587,ACQ04
MER_96361ec8a2,IN-QA,Hotels,M-3,False,0.646,0.898,0,0.404,ACQ02
MER_21b4f77afc,IN-KH,Transport/Taxi,M-2,True,0.476,0.783,14,0.421,ACQ01
MER_f494399d4f,IN-QA,Misc Retail,M-2,True,0.67,0.831,37,0.317,ACQ06
MER_c90e13392e,IN-LK,Misc Retail,M-2,True,0.779,0.852,31,0.25,ACQ05
MER_27547bcbdc,IN-QA,Misc Retail,M-2,True,0.706,0.946,9,0.31,ACQ01
MER_979639f031,IN-LK,Hotels,M-1,True,0.99,0.286,0,0.128,ACQ04
MER_f9f24764fd,IN-KH,Hotels,M-2,True,0.586,0.189,23,0.438,ACQ03
MER_0220b7f97c,IN-MU,Hotels,M-2,True,0.604,0.768,24,0.439,ACQ02
MER_116940dcfd,IN-AE,Hotels,M-2,True,0.74,0.199,19,0.244,ACQ04
MER_29c7e6b485,IN-SG,Hotels,M-1,True,0.856,0.67,17,0.157,ACQ01
MER_af07f3e167,IN-FR,Hotels,M-4,True,0.881,0.925,16,0.107,ACQ03
MER_dcfbeef88d,IN-KH,Gift/Souvenir,M-3,False,0.515,0.742,0,0.504,ACQ03
MER_679b97c69b,IN-LK,Grocery/Retail,M-2,True,0.455,0.432,20,0.6,ACQ05
MER_ffe35254b9,IN-BT,Transit,M-2,True,0.8,0.567,34,0.215,ACQ06
MER_b025b773d3,IN-KH,Museum/Attraction,M-4,True,0.976,0.586,39,0.02,ACQ04
MER_ea5c3a506c,IN-QA,Hotels,M-3,False,0.765,0.904,0,0.26,ACQ05
MER_926deffd58,IN-FR,Hotels,M-2,True,0.603,0.648,18,0.405,ACQ04
MER_9d06cea738,IN-KH,Hotels,M-2,True,0.582,0.931,28,0.373,ACQ05
MER_1fc9845a5d,IN,Hotels,M-3,False,0.792,0.799,0,0.148,ACQ06
MER_4a0f60e736,IN-BT,Hotels,M-3,False,0.981,0.219,0,0.02,ACQ04
MER_6f7274362f,IN-MU,Restaurants,M-3,False,0.368,0.152,0,0.6,ACQ05
MER_5c75ff6512,IN-NP,Hotels,M-4,True,0.99,0.733,22,0.02,ACQ03
MER_ebee74bf0d,IN,Hotels,M-3,False,0.806,0.515,0,0.148,ACQ04
MER_a6bff1bc42,IN,Hotels,M-2,True,0.474,0.367,13,0.6,ACQ04
MER_1a2cbceac3,IN-SG,Hotels,M-1,True,0.662,0.669,0,0.331,ACQ03
MER_763e8565e3,IN-LK,Hotels,M-1,True,0.861,0.455,8,0.122,ACQ04
MER_aaf9681436,IN,Hotels,M-2,True,0.612,0.463,35,0.444,ACQ01
MER_bd7488addd,IN-SG,Gift/Souvenir,M-2,True,0.702,0.663,29,0.322,ACQ03
MER_240755a8d8,IN-AE,Hotels,M-4,True,0.99,0.467,15,0.09,ACQ06
MER_5f44212474,IN,Hotels,M-3,False,0.628,0.835,0,0.393,ACQ02
MER_7a0d2c9796,IN-MU,Grocery/Retail,M-1,True,0.734,0.265,0,0.195,ACQ01
MER_f5c3fc4e44,IN-LK,Misc Retail,M-1,True,0.573,0.943,0,0.421,ACQ03
MER_d04108ac9a,IN-BT,Hotels,M-3,False,0.938,0.732,0,0.02,ACQ02
MER_6a3148edb7,IN-BT,Hotels,M-1,True,0.582,0.295,0,0.434,ACQ02
MER_983b49bad8,IN,Hotels,M-2,True,0.572,0.714,19,0.437,ACQ05
MER_e1933e9d83,IN,Hotels,M-2,True,0.442,0.913,7,0.6,ACQ05
MER_46c25460db,IN-FR,Hotels,M-2,True,0.582,0.794,4,0.274,ACQ05
MER_25876653f5,IN-MU,Misc Retail,M-1,True,0.622,0.749,0,0.47,ACQ01
MER_6850a6eb5d,IN-BT,Restaurants,M-4,True,0.96,0.687,23,0.054,ACQ06
MER_ad78e7c3fd,IN-FR,Museum/Attraction,M-1,True,0.766,0.391,1,0.172,ACQ01
MER_f61cacd577,IN-SG,Museum/Attraction,M-3,False,0.99,0.172,0,0.053,ACQ01
MER_bf97744443,IN-KH,Gift/Souvenir,M-3,False,0.748,0.871,0,0.243,ACQ06
MER_c8d7ed9d89,IN-KH,Hotels,M-4,True,0.859,0.255,25,0.112,ACQ01
MER_ecbc3a55e8,IN-NP,Transit,M-3,False,0.978,0.77,0,0.02,ACQ01
MER_c4c83d1bcb,IN-FR,Grocery/Retail,M-2,True,0.524,0.737,21,0.53,ACQ06
MER_52aa409e6f,IN-NP,Hotels,M-3,False,0.542,0.213,0,0.414,ACQ01
MER_c5644bd391,IN-FR,Hotels,M-2,True,0.689,0.363,17,0.314,ACQ01
MER_0b348a98a6,IN-KH,Hotels,M-3,False,0.806,0.12,0,0.229,ACQ03
MER_9b762497ea,IN-LK,Hotels,M-3,False,0.791,0.457,0,0.068,ACQ02
MER_a6609bc5eb,IN-KH,Museum/Attraction,M-4,True,0.99,0.399,13,0.042,ACQ02
MER_a6527a53cb,IN-QA,Hotels,M-2,True,0.855,0.467,14,0.238,ACQ01
MER_0b384208fb,IN,Hotels,M-2,True,0.699,0.591,23,0.345,ACQ05
MER_4050a260ae,IN-NP,Hotels,M-2,True,0.671,0.406,12,0.279,ACQ06
MER_e877474de9,IN-FR,Hotels,M-2,True,0.615,0.237,29,0.427,ACQ03
MER_91c2b6e52a,IN-NP,Hotels,M-1,True,0.923,0.707,5,0.037,ACQ04
MER_26985ee39a,IN-LK,Gift/Souvenir,M-4,True,0.99,0.575,23,0.02,ACQ02
MER_8f42a31bf4,IN-BT,Transit,M-1,True,0.783,0.456,0,0.248,ACQ04
MER_d5ba817a28,IN-MU,Hotels,M-2,True,0.658,0.24,6,0.427,ACQ06
MER_d8bb521296,IN-MU,Grocery/Retail,M-2,True,0.688,0.605,3,0.245,ACQ06
MER_d4da4dbe81,IN-AE,Gift/Souvenir,M-1,True,0.559,0.564,0,0.424,ACQ05
MER_fc5a4e0589,IN-QA,Hotels,M-2,True,0.616,0.588,39,0.332,ACQ01
MER_c48cf9ee83,IN-LK,Misc Retail,M-3,False,0.944,0.612,0,0.02,ACQ04
MER_cf5042a2f3,IN-QA,Museum/Attraction,M-1,True,0.94,0.492,5,0.145,ACQ01
MER_42ab1540a0,IN-LK,Hotels,M-1,True,0.661,0.847,0,0.282,ACQ03
MER_5a5e8eb51e,IN-BT,Misc Retail,M-2,True,0.451,0.405,12,0.495,ACQ04
MER_dcfa365447,IN-KH,Hotels,M-1,True,0.949,0.258,4,0.117,ACQ03
MER_657f4298db,IN-QA,Hotels,M-2,True,0.764,0.336,30,0.261,ACQ03
MER_1e04a81854,IN-NP,Grocery/Retail,M-2,True,0.58,0.706,39,0.386,ACQ06
MER_ae9d780701,IN-BT,Transport/Taxi,M-4,True,0.922,0.499,20,0.066,ACQ03
MER_836f27c11d,IN-AE,Restaurants,M-3,False,0.74,0.132,0,0.309,ACQ05
MER_42907892ee,IN-KH,Gift/Souvenir,M-3,False,0.611,0.917,0,0.462,ACQ04
MER_1c9c4fac5d,IN-SG,Hotels,M-2,True,0.736,0.244,28,0.28,ACQ06
MER_b32822a9e0,IN-NP,Hotels,M-3,False,0.586,0.521,0,0.442,ACQ06
MER_94fb7dafe8,IN-LK,Hotels,M-2,True,0.72,0.812,5,0.313,ACQ01
MER_a0ed9e1161,IN-SG,Hotels,M-2,True,0.648,0.45,31,0.33,ACQ04
MER_2bb8364de0,IN,Gift/Souvenir,M-2,True,0.796,0.663,17,0.208,ACQ02
MER_41365fe5f3,IN-BT,Restaurants,M-3,False,0.803,0.334,0,0.128,ACQ02
MER_1d0ce30320,IN-AE,Transport/Taxi,M-2,True,0.772,0.494,4,0.273,ACQ04
MER_ed3bf67a17,IN-AE,Gift/Souvenir,M-1,True,0.699,0.796,0,0.29,ACQ04
MER_14c4336b95,IN-BT,Hotels,M-3,False,0.74,0.59,0,0.262,ACQ04
MER_72cccd842e,IN-SG,Hotels,M-3,False,0.779,0.547,0,0.134,ACQ04
MER_4c546a3ba7,IN-FR,Transit,M-1,True,0.844,0.978,1,0.141,ACQ05
MER_61d5115751,IN-QA,Transit,M-2,True,0.717,0.804,13,0.324,ACQ03
MER_15311e505d,IN-SG,Hotels,M-4,True,0.811,0.439,40,0.101,ACQ05
MER_b23f066597,IN-QA,Hotels,M-4,True,0.89,0.484,21,0.071,ACQ01
MER_bc4f2bc7a4,IN-AE,Hotels,M-2,True,0.65,0.642,24,0.305,ACQ03
MER_3d7e8c0f2f,IN-NP,Museum/Attraction,M-1,True,0.675,0.928,5,0.174,ACQ03
MER_90304f9f84,IN-MU,Museum/Attraction,M-4,True,0.847,0.863,23,0.112,ACQ05
MER_d21781d572,IN,Hotels,M-1,True,0.621,0.703,0,0.368,ACQ06
MER_1e1446c4d1,IN-NP,Gift/Souvenir,M-4,True,0.899,0.432,18,0.104,ACQ01
MER_b2b0137595,IN-SG,Hotels,M-3,False,0.784,0.168,0,0.123,ACQ02
MER_80642a3f57,IN-MU,Transit,M-2,True,0.431,0.519,24,0.555,ACQ02
MER_d6113d2f9a,IN-NP,Dept Store,M-4,True,0.957,0.973,23,0.02,ACQ03
MER_904f709d6e,IN-QA,Hotels,M-2,True,0.433,0.672,17,0.477,ACQ01
MER_360ab888e5,IN-KH,Gift/Souvenir,M-2,True,0.519,0.745,10,0.447,ACQ06
MER_a850041afb,IN-QA,Grocery/Retail,M-2,True,0.696,0.901,11,0.287,ACQ06
MER_67487681a0,IN,Hotels,M-2,True,0.709,0.384,13,0.23,ACQ02
MER_d9541cbba1,IN-LK,Hotels,M-2,True,0.696,0.874,17,0.291,ACQ02
MER_1655b7961a,IN-LK,Hotels,M-2,True,0.787,0.153,9,0.22,ACQ06
MER_091f0493fd,IN-QA,Dept Store,M-1,True,0.479,0.317,0,0.6,ACQ01
MER_1fd9aa2f8f,IN-LK,Dept Store,M-4,True,0.809,0.332,14,0.119,ACQ02
MER_1a5b075e6a,IN-MU,Museum/Attraction,M-4,True,0.99,0.116,14,0.02,ACQ02
MER_51760e0dd6,IN-FR,Hotels,M-2,True,0.674,0.161,10,0.291,ACQ05
MER_70b0f34c41,IN-MU,Hotels,M-2,True,0.513,0.468,3,0.433,ACQ03
MER_50a69a5eda,IN-BT,Gift/Souvenir,M-2,True,0.555,0.546,10,0.403,ACQ05
MER_124e651427,IN-KH,Hotels,M-2,True,0.497,0.929,22,0.485,ACQ05
MER_1c1fdd3046,IN-AE,Hotels,M-1,True,0.956,0.886,33,0.127,ACQ02
MER_c7b748606d,IN-SG,Hotels,M-1,True,0.778,0.678,21,0.178,ACQ06
MER_de0b2e9a00,IN-FR,Hotels,M-4,True,0.972,0.517,20,0.026,ACQ05
MER_e1f9531a08,IN-QA,Dept Store,M-2,True,0.566,0.974,43,0.449,ACQ04
MER_37fc713f38,IN-LK,Grocery/Retail,M-3,False,0.853,0.605,0,0.14,ACQ03
MER_a9563ed21c,IN-FR,Dept Store,M-1,True,0.715,0.21,0,0.352,ACQ06
MER_16a3c73dc6,IN-SG,Hotels,M-1,True,0.487,0.365,0,0.539,ACQ03
MER_f0006225e2,IN-AE,Hotels,M-2,True,0.797,0.811,7,0.218,ACQ06
MER_f6c0121557,IN-MU,Hotels,M-3,False,0.73,0.949,0,0.325,ACQ05
MER_901ff1f7c5,IN-QA,Hotels,M-2,True,0.725,0.276,19,0.255,ACQ02
MER_8e56c3cc84,IN,Hotels,M-3,False,0.738,0.427,0,0.255,ACQ02
MER_7fc29f8b4f,IN-NP,Hotels,M-3,False,0.438,0.111,0,0.482,ACQ03
MER_51d97f3eeb,IN-MU,Hotels,M-2,True,0.567,0.396,9,0.44,ACQ05
MER_fa30c3f5b3,IN-AE,Transport/Taxi,M-1,True,0.838,0.123,0,0.169,ACQ04
MER_edfc648fca,IN-KH,Hotels,M-2,True,0.816,0.885,16,0.235,ACQ01
MER_433b462e02,IN-BT,Gift/Souvenir,M-3,False,0.488,0.364,0,0.56,ACQ02
MER_ab8955ec00,IN,Hotels,M-2,True,0.723,0.338,2,0.356,ACQ04
MER_54b3f7e9af,IN-BT,Misc Retail,M-3,False,0.727,0.221,0,0.297,ACQ01
MER_29fe122f26,IN-SG,Misc Retail,M-1,True,0.447,0.773,0,0.564,ACQ05
MER_8f14f34787,IN-AE,Gift/Souvenir,M-1,True,0.846,0.736,5,0.088,ACQ02
MER_d0dd8cdd65,IN-SG,Restaurants,M-2,True,0.794,0.709,10,0.25,ACQ05
MER_c617447cad,IN-LK,Hotels,M-3,False,0.869,0.704,0,0.048,ACQ01
MER_e54cb22317,IN-KH,Hotels,M-4,True,0.909,0.274,19,0.07,ACQ03
MER_ec20ebf1a1,IN-QA,Hotels,M-2,True,0.696,0.366,12,0.355,ACQ04
MER_013bdc4503,IN-BT,Hotels,M-4,True,0.99,0.488,22,0.032,ACQ04
MER_8fa83ede28,IN-SG,Hotels,M-3,False,0.815,0.528,0,0.197,ACQ05
MER_94d2491c4f,IN-QA,Grocery/Retail,M-3,False,0.754,0.834,0,0.194,ACQ05
MER_50a294b1fb,IN-SG,Hotels,M-2,True,0.572,0.493,13,0.443,ACQ01
MER_0862c9a292,IN-SG,Hotels,M-1,True,0.66,0.292,0,0.264,ACQ01
MER_909129c256,IN-NP,Hotels,M-2,True,0.6,0.165,24,0.4,ACQ02
MER_ab477e3d42,IN,Gift/Souvenir,M-3,False,0.797,0.342,0,0.263,ACQ04
MER_4a64303f75,IN-SG,Hotels,M-2,True,0.384,0.501,16,0.6,ACQ06
MER_f1865843d9,IN-BT,Hotels,M-2,True,0.739,0.839,20,0.248,ACQ01
MER_5497a3a6d4,IN-MU,Dept Store,M-2,True,0.711,0.569,24,0.316,ACQ04
MER_9ab4a52d7f,IN-BT,Hotels,M-2,True,0.702,0.696,35,0.434,ACQ01
MER_094b8dc67e,IN-KH,Gift/Souvenir,M-3,False,0.99,0.152,0,0.061,ACQ06
MER_bc8656d273,IN-SG,Hotels,M-1,True,0.76,0.418,28,0.193,ACQ05
MER_eecc5e0bd6,IN-AE,Dept Store,M-3,False,0.819,0.606,0,0.079,ACQ06
MER_99e73a66a6,IN-FR,Gift/Souvenir,M-3,False,0.887,0.943,0,0.159,ACQ02
MER_06454e9c57,IN-SG,Hotels,M-1,True,0.775,0.386,0,0.229,ACQ01
MER_d09ff57811,IN-BT,Hotels,M-2,True,0.751,0.856,12,0.248,ACQ02
MER_c971f96764,IN-AE,Hotels,M-2,True,0.833,0.346,14,0.236,ACQ03
MER_3fe8e5c4a5,IN,Restaurants,M-3,False,0.778,0.5,0,0.177,ACQ06
MER_cc76d1928b,IN-QA,Hotels,M-3,False,0.739,0.202,0,0.29,ACQ03
MER_2dc67833a3,IN-BT,Hotels,M-1,True,0.893,0.213,18,0.186,ACQ02
MER_c82d235116,IN-BT,Hotels,M-2,True,0.615,0.891,16,0.445,ACQ04
MER_8f89ca4999,IN-QA,Museum/Attraction,M-3,False,0.623,0.533,0,0.335,ACQ04
MER_4f7ac61e52,IN-LK,Hotels,M-3,False,0.813,0.487,0,0.246,ACQ04
MER_ee337d2cf3,IN-KH,Hotels,M-1,True,0.812,0.864,5,0.144,ACQ06
MER_771f4382aa,IN-KH,Museum/Attraction,M-3,False,0.821,0.577,0,0.21,ACQ03
MER_d7d2bd2c27,IN,Transit,M-2,True,0.822,0.604,26,0.212,ACQ05
MER_5d6a79d477,IN,Hotels,M-1,True,0.812,0.194,28,0.159,ACQ06
MER_36abe3b257,IN-MU,Grocery/Retail,M-4,True,0.871,0.277,9,0.114,ACQ05
MER_73635ffafd,IN-MU,Misc Retail,M-2,True,0.606,0.214,3,0.374,ACQ01
MER_53a9e2c8ff,IN-BT,Hotels,M-2,True,0.72,0.679,22,0.296,ACQ06
MER_8315af6189,IN-QA,Hotels,M-3,False,0.621,0.673,0,0.442,ACQ02
MER_bcc83084e3,IN,Hotels,M-2,True,0.68,0.208,47,0.356,ACQ06
MER_7afc1f227e,IN-NP,Hotels,M-2,True,0.642,0.908,12,0.39,ACQ06
MER_e7332ebff3,IN-BT,Hotels,M-2,True,0.691,0.262,24,0.365,ACQ04
MER_08b9a69899,IN-QA,Hotels,M-2,True,0.55,0.567,30,0.491,ACQ05
MER_756a67b70a,IN-MU,Transit,M-3,False,0.773,0.536,0,0.239,ACQ03
MER_c689f292f7,IN-MU,Hotels,M-1,True,0.709,0.735,17,0.166,ACQ01
MER_cdf8a43422,IN-FR,Restaurants,M-3,False,0.688,0.95,0,0.253,ACQ02
MER_26516955d6,IN-QA,Hotels,M-2,True,0.539,0.733,6,0.491,ACQ06
MER_8924069ccc,IN-SG,Hotels,M-4,True,0.99,0.294,27,0.091,ACQ06
MER_e1dab40879,IN-LK,Grocery/Retail,M-3,False,0.662,0.125,0,0.299,ACQ02
MER_1cc41643c4,IN-MU,Hotels,M-3,False,0.926,0.482,0,0.034,ACQ06
MER_2f0c989442,IN-KH,Grocery/Retail,M-2,True,0.665,0.734,19,0.311,ACQ04
MER_d3d212b801,IN-LK,Hotels,M-2,True,0.691,0.458,18,0.249,ACQ05
MER_d5c87190a9,IN-AE,Hotels,M-3,False,0.934,0.547,0,0.078,ACQ02
MER_1569b81396,IN-QA,Misc Retail,M-3,False,0.747,0.82,0,0.263,ACQ06
MER_562d79ce23,IN-QA,Transport/Taxi,M-1,True,0.846,0.518,5,0.088,ACQ06
MER_d43fb021e8,IN-QA,Dept Store,M-1,True,0.83,0.199,14,0.161,ACQ05
MER_2673a5478c,IN-QA,Hotels,M-3,False,0.482,0.356,0,0.547,ACQ06
MER_135d512a7e,IN-LK,Transport/Taxi,M-3,False,0.731,0.864,0,0.271,ACQ06
MER_1964967cb1,IN-AE,Transit,M-2,True,0.809,0.666,26,0.236,ACQ03
MER_5089019835,IN-FR,Gift/Souvenir,M-1,True,0.897,0.757,9,0.125,ACQ02
MER_f4d0f6a8ce,IN-MU,Grocery/Retail,M-2,True,0.687,0.519,22,0.418,ACQ01
MER_a0dd28ba03,IN-MU,Hotels,M-3,False,0.737,0.621,0,0.243,ACQ06
MER_8d0fb579e0,IN-AE,Museum/Attraction,M-3,False,0.778,0.826,0,0.183,ACQ01
MER_dc15aeb355,IN-BT,Hotels,M-3,False,0.684,0.654,0,0.342,ACQ01
MER_80ec525270,IN-SG,Transit,M-2,True,0.661,0.247,6,0.332,ACQ04
MER_08099e44b2,IN-SG,Hotels,M-3,False,0.574,0.737,0,0.394,ACQ01
MER_bb96f5a280,IN-MU,Hotels,M-3,False,0.808,0.284,0,0.178,ACQ06
MER_4de57d0f44,IN-FR,Grocery/Retail,M-2,True,0.669,0.597,21,0.296,ACQ04
MER_1b7005267c,IN-MU,Hotels,M-3,False,0.618,0.997,0,0.473,ACQ03
MER_e404e84410,IN-QA,Transport/Taxi,M-3,False,0.744,0.471,0,0.224,ACQ05
MER_c00506a41f,IN-LK,Grocery/Retail,M-3,False,0.53,0.72,0,0.485,ACQ01
MER_61160715f2,IN-MU,Museum/Attraction,M-1,True,0.693,0.139,0,0.288,ACQ01
MER_0e67320cc1,IN-AE,Hotels,M-4,True,0.855,0.477,12,0.099,ACQ04
MER_acd50eda16,IN-FR,Restaurants,M-2,True,0.689,0.141,9,0.27,ACQ04
MER_4d5d77e671,IN-KH,Hotels,M-2,True,0.745,0.191,2,0.296,ACQ01
MER_b20a3cbbf9,IN-QA,Gift/Souvenir,M-2,True,0.681,0.592,3,0.362,ACQ04
MER_819a2414d7,IN,Transport/Taxi,M-3,False,0.673,0.688,0,0.361,ACQ01
MER_7cb66d110f,IN-SG,Gift/Souvenir,M-2,True,0.666,0.21,21,0.25,ACQ06
MER_f7c0e9f32a,IN-BT,Grocery/Retail,M-3,False,0.787,0.58,0,0.229,ACQ01
MER_b34dc8fe3c,IN,Hotels,M-2,True,0.536,0.232,1,0.467,ACQ01
MER_50401e59c4,IN-BT,Museum/Attraction,M-1,True,0.808,0.206,14,0.132,ACQ05
MER_b8b97f4c25,IN-FR,Hotels,M-3,False,0.665,0.296,0,0.303,ACQ06
MER_bd62721ecd,IN-AE,Museum/Attraction,M-3,False,0.768,0.724,0,0.311,ACQ03
MER_1668a0e3da,IN-BT,Hotels,M-3,False,0.593,0.916,0,0.324,ACQ05
MER_ae1bee0d20,IN-AE,Hotels,M-2,True,0.693,0.392,13,0.358,ACQ05
MER_8b80928b4e,IN-SG,Grocery/Retail,M-4,True,0.924,0.842,9,0.02,ACQ06
MER_4968964e27,IN-NP,Restaurants,M-3,False,0.791,0.59,0,0.175,ACQ02
MER_96b51bd41c,IN,Hotels,M-2,True,0.687,0.327,6,0.228,ACQ02
MER_0b74a2166b,IN-AE,Hotels,M-2,True,0.742,0.798,21,0.251,ACQ04
MER_d52537b7df,IN,Grocery/Retail,M-1,True,0.927,0.672,28,0.186,ACQ02
MER_520ce35b19,IN-FR,Gift/Souvenir,M-1,True,0.847,0.755,16,0.152,ACQ05
MER_7c1fa1ade6,IN-NP,Grocery/Retail,M-2,True,0.665,0.821,2,0.245,ACQ01
MER_21df2543c7,IN-AE,Grocery/Retail,M-2,True,0.684,0.752,4,0.349,ACQ03
MER_18e67c5bbb,IN-KH,Hotels,M-2,True,0.75,0.668,34,0.312,ACQ02
MER_f939cb5193,IN-SG,Grocery/Retail,M-2,True,0.787,0.549,11,0.258,ACQ05
MER_6ab7d9bcf8,IN-BT,Misc Retail,M-3,False,0.737,0.945,0,0.229,ACQ05
MER_899d606c03,IN-FR,Hotels,M-3,False,0.99,0.442,0,0.02,ACQ06
MER_6f07018d56,IN-MU,Hotels,M-2,True,0.656,0.205,5,0.32,ACQ05
MER_8f5b513a06,IN-BT,Hotels,M-3,False,0.722,0.345,0,0.294,ACQ05
MER_531c9c36ba,IN-SG,Transit,M-3,False,0.358,0.313,0,0.6,ACQ02
MER_40197ffa95,IN-LK,Hotels,M-1,True,0.741,0.203,0,0.256,ACQ05
MER_69259ad9f2,IN-QA,Gift/Souvenir,M-3,False,0.494,0.818,0,0.457,ACQ04
MER_77f1ecb6b9,IN-SG,Dept Store,M-4,True,0.834,0.706,16,0.116,ACQ03
MER_2886a168be,IN-AE,Hotels,M-1,True,0.61,0.177,0,0.312,ACQ06
MER_1238d6b5d4,IN-SG,Hotels,M-3,False,0.882,0.961,0,0.086,ACQ01
MER_0cf62adf44,IN-SG,Gift/Souvenir,M-2,True,0.636,0.342,9,0.376,ACQ06
MER_6ab3a86997,IN-FR,Hotels,M-3,False,0.547,0.825,0,0.509,ACQ06
MER_1e1601db05,IN-FR,Grocery/Retail,M-1,True,0.626,0.352,0,0.369,ACQ05
MER_3a62a563fe,IN-LK,Grocery/Retail,M-2,True,0.342,0.791,5,0.585,ACQ01
MER_8fff36b7f9,IN-AE,Hotels,M-3,False,0.735,0.47,0,0.199,ACQ02
MER_239f1360b3,IN-LK,Museum/Attraction,M-2,True,0.704,0.781,11,0.28,ACQ01
MER_49d879fb5c,IN-QA,Hotels,M-1,True,0.628,0.302,0,0.398,ACQ05
MER_cf051953cc,IN,Hotels,M-3,False,0.802,0.755,0,0.164,ACQ04
MER_6a53a318f4,IN-LK,Hotels,M-2,True,0.701,0.559,10,0.298,ACQ06
MER_e0dafc53e6,IN-NP,Gift/Souvenir,M-1,True,0.744,0.151,0,0.207,ACQ06
MER_c83d736ae1,IN-AE,Hotels,M-2,True,0.68,0.365,37,0.309,ACQ04
MER_099329c5f9,IN-NP,Hotels,M-1,True,0.89,0.607,19,0.135,ACQ06
MER_a5715c6cf3,IN-MU,Hotels,M-3,False,0.716,0.45,0,0.196,ACQ06
MER_8008ae7eaa,IN-AE,Hotels,M-2,True,0.684,0.603,5,0.283,ACQ05
MER_ba5571b563,IN-KH,Misc Retail,M-3,False,0.975,0.201,0,0.02,ACQ01
MER_7696419adb,IN-SG,Hotels,M-3,False,0.497,0.427,0,0.422,ACQ03
MER_1785a158f0,IN-NP,Hotels,M-2,True,0.686,0.927,12,0.298,ACQ04
MER_9c165ef8c7,IN-QA,Restaurants,M-2,True,0.612,0.283,12,0.394,ACQ01
MER_0e1e76a3d6,IN-QA,Hotels,M-4,True,0.954,0.678,9,0.045,ACQ01
MER_8ccbeb4f3b,IN-SG,Gift/Souvenir,M-1,True,0.862,0.237,6,0.112,ACQ06
MER_4e0924c165,IN,Hotels,M-3,False,0.311,0.427,0,0.6,ACQ01
MER_97433a33a4,IN-NP,Hotels,M-2,True,0.414,0.617,30,0.587,ACQ02
MER_c40b7f5ae8,IN-FR,Hotels,M-1,True,0.832,0.139,15,0.179,ACQ03
MER_d2e4eda4bb,IN-BT,Hotels,M-3,False,0.783,0.581,0,0.19,ACQ06
MER_f2f626e98f,IN-FR,Grocery/Retail,M-3,False,0.712,0.26,0,0.373,ACQ05
MER_9e365dc980,IN,Gift/Souvenir,M-2,True,0.46,0.771,15,0.533,ACQ03
MER_b7869b7e1a,IN-AE,Hotels,M-3,False,0.794,0.307,0,0.238,ACQ06
MER_70a3584bf4,IN-MU,Gift/Souvenir,M-2,True,0.603,0.361,28,0.484,ACQ01
MER_47bf2f970c,IN-SG,Hotels,M-2,True,0.678,0.247,28,0.442,ACQ05
MER_5bbd1e7efb,IN-LK,Gift/Souvenir,M-2,True,0.74,0.496,16,0.34,ACQ05
MER_2594a2a0c0,IN-NP,Hotels,M-3,False,0.639,0.991,0,0.333,ACQ06
MER_c51d985904,IN-NP,Hotels,M-2,True,0.569,0.528,18,0.489,ACQ03
MER_7d57876611,IN-NP,Hotels,M-2,True,0.65,0.494,19,0.32,ACQ06
MER_b148b3fec6,IN,Hotels,M-2,True,0.63,0.503,23,0.328,ACQ01
MER_804e406fe2,IN-LK,Hotels,M-3,False,0.602,0.426,0,0.463,ACQ04
MER_75a3c7cf0e,IN-QA,Restaurants,M-1,True,0.828,0.757,19,0.17,ACQ05
MER_e4e789c9a5,IN-KH,Museum/Attraction,M-3,False,0.67,0.819,0,0.29,ACQ02
MER_488de1c61b,IN-MU,Museum/Attraction,M-2,True,0.674,0.493,1,0.347,ACQ01
MER_3827f1450a,IN-NP,Misc Retail,M-3,False,0.787,0.737,0,0.234,ACQ04
MER_0ec8cb99dc,IN-NP,Grocery/Retail,M-2,True,0.835,0.525,4,0.249,ACQ06
MER_23bc9d405e,IN-MU,Hotels,M-3,False,0.752,0.267,0,0.249,ACQ03
MER_894db3e90f,IN-MU,Dept Store,M-3,False,0.826,0.342,0,0.147,ACQ06
MER_b624ff8cf7,IN-QA,Misc Retail,M-2,True,0.602,0.218,22,0.386,ACQ02
MER_910ac308c3,IN-FR,Transit,M-3,False,0.701,0.791,0,0.32,ACQ02
MER_a6d90f4b15,IN-BT,Misc Retail,M-2,True,0.701,0.257,9,0.303,ACQ05
MER_c7f0644f98,IN-FR,Hotels,M-4,True,0.99,0.924,17,0.02,ACQ06
MER_7d7dc40945,IN-FR,Hotels,M-3,False,0.747,0.979,0,0.274,ACQ04
MER_25c252e353,IN-KH,Grocery/Retail,M-2,True,0.705,0.801,23,0.328,ACQ05
MER_641d9e79ad,IN-QA,Gift/Souvenir,M-4,True,0.93,0.128,32,0.086,ACQ04
MER_0fe790dda2,IN-LK,Gift/Souvenir,M-1,True,0.856,0.71,20,0.172,ACQ02
MER_dc9a0dee47,IN-QA,Gift/Souvenir,M-2,True,0.52,0.701,12,0.459,ACQ03
MER_08da72b0be,IN-MU,Dept Store,M-1,True,0.825,0.136,24,0.198,ACQ06
MER_424935c371,IN-AE,Grocery/Retail,M-1,True,0.707,0.319,0,0.357,ACQ02
MER_0ccef11707,IN-MU,Hotels,M-1,True,0.8,0.815,18,0.191,ACQ02
MER_ea60cb8ab7,IN-BT,Museum/Attraction,M-2,True,0.748,0.322,32,0.264,ACQ03
MER_b47247ab11,IN-AE,Hotels,M-2,True,0.514,0.568,10,0.489,ACQ01
MER_79fff65b3a,IN-MU,Restaurants,M-2,True,0.48,0.871,7,0.518,ACQ04
MER_e693bda1cd,IN-KH,Grocery/Retail,M-3,False,0.634,0.705,0,0.42,ACQ05
MER_96f07d1c84,IN,Restaurants,M-3,False,0.81,0.827,0,0.216,ACQ04
MER_84b9857a26,IN-NP,Grocery/Retail,M-3,False,0.524,0.304,0,0.457,ACQ04
MER_367469758d,IN-SG,Hotels,M-2,True,0.629,0.749,22,0.422,ACQ05
MER_4257593f61,IN-AE,Misc Retail,M-1,True,0.572,0.509,0,0.425,ACQ05
MER_e05780d56d,IN-NP,Hotels,M-1,True,0.894,0.715,4,0.124,ACQ04
MER_e1eb941601,IN-SG,Misc Retail,M-1,True,0.879,0.792,0,0.167,ACQ02
MER_3c8a6f8df3,IN-SG,Grocery/Retail,M-2,True,0.746,0.291,13,0.218,ACQ06
MER_bbdcc0250c,IN-QA,Hotels,M-2,True,0.456,0.389,8,0.577,ACQ02
MER_4d9b0a1e73,IN-MU,Hotels,M-2,True,0.624,0.403,21,0.385,ACQ03
MER_396d64a669,IN-BT,Hotels,M-1,True,0.713,0.285,0,0.305,ACQ03
MER_ef6988f144,IN-AE,Hotels,M-4,True,0.99,0.87,16,0.021,ACQ01
MER_cb15aa3ea8,IN-BT,Hotels,M-4,True,0.939,0.668,26,0.02,ACQ05
MER_dcc9a540fa,IN-NP,Hotels,M-3,False,0.709,0.984,0,0.291,ACQ03
MER_1dfc435bda,IN-QA,Gift/Souvenir,M-3,False,0.97,0.725,0,0.118,ACQ03
MER_be90126cef,IN-AE,Hotels,M-1,True,0.715,0.292,0,0.347,ACQ03
MER_8b1c7b74c3,IN,Hotels,M-2,True,0.505,0.784,11,0.486,ACQ05
MER_0f44ac4c9f,IN-FR,Gift/Souvenir,M-2,True,0.793,0.93,5,0.217,ACQ03
MER_903dd19e0b,IN-QA,Transit,M-3,False,0.773,0.731,0,0.151,ACQ04
MER_ac0fd8309a,IN-NP,Hotels,M-2,True,0.71,0.392,24,0.206,ACQ03
MER_97dedb0c61,IN-KH,Museum/Attraction,M-3,False,0.763,0.661,0,0.249,ACQ01
MER_8a8d95d60e,IN-LK,Hotels,M-2,True,0.687,0.135,2,0.33,ACQ02
MER_b8e8bf8b82,IN-FR,Hotels,M-2,True,0.506,0.797,12,0.505,ACQ02
MER_b4d2a3b553,IN,Hotels,M-1,True,0.614,0.945,0,0.482,ACQ04
MER_de7141c82a,IN-KH,Transport/Taxi,M-1,True,0.647,1.0,0,0.402,ACQ05
MER_c20c49c27a,IN-FR,Misc Retail,M-2,True,0.699,0.853,12,0.346,ACQ04
MER_c23462e86f,IN-AE,Hotels,M-1,True,0.839,0.693,0,0.143,ACQ06
MER_570246c0f6,IN-SG,Hotels,M-3,False,0.733,0.768,0,0.272,ACQ03
MER_3ebde2b88c,IN-QA,Transit,M-1,True,0.77,0.123,0,0.187,ACQ02
MER_6a83ef2f7d,IN-NP,Gift/Souvenir,M-3,False,0.794,0.128,0,0.215,ACQ04
MER_7e4aa1b2a3,IN-QA,Hotels,M-2,True,0.784,0.837,1,0.244,ACQ02
MER_7d822d639d,IN-AE,Hotels,M-1,True,0.595,0.458,0,0.401,ACQ01
MER_875f043357,IN-QA,Hotels,M-2,True,0.852,0.658,3,0.209,ACQ03
MER_b4cdd1f255,IN-SG,Misc Retail,M-2,True,0.761,0.815,26,0.206,ACQ01
MER_59666c6aef,IN-AE,Transit,M-1,True,0.84,0.787,40,0.173,ACQ06
MER_e22903cdca,IN-SG,Grocery/Retail,M-3,False,0.42,0.573,0,0.593,ACQ06
MER_3961289b38,IN-NP,Hotels,M-2,True,0.585,0.689,8,0.413,ACQ01
MER_e6c23569e2,IN-AE,Hotels,M-3,False,0.609,0.79,0,0.401,ACQ02
MER_561c0ff65b,IN,Hotels,M-1,True,0.789,0.475,3,0.197,ACQ03
MER_a188b56e87,IN-NP,Hotels,M-2,True,0.635,0.9,5,0.318,ACQ01
MER_613f64bd6f,IN,Grocery/Retail,M-2,True,0.688,0.739,12,0.273,ACQ01
MER_430de87221,IN-SG,Hotels,M-2,True,0.611,0.784,20,0.338,ACQ04
MER_d8c1bae40d,IN-QA,Hotels,M-1,True,0.923,0.358,14,0.12,ACQ04
MER_3f4120edeb,IN-QA,Hotels,M-2,True,0.638,0.802,14,0.407,ACQ05
MER_25ee9999b0,IN-KH,Gift/Souvenir,M-2,True,0.592,0.617,5,0.473,ACQ02
MER_ff41242003,IN-LK,Museum/Attraction,M-2,True,0.664,0.62,13,0.332,ACQ03
MER_b385364f99,IN-AE,Misc Retail,M-2,True,0.555,0.19,12,0.497,ACQ06
MER_87b88d6516,IN,Dept Store,M-1,True,0.672,0.305,0,0.431,ACQ02
MER_5f5167b905,IN-BT,Hotels,M-2,True,0.437,0.69,10,0.579,ACQ05
MER_a13ff012c4,IN-FR,Transit,M-3,False,0.587,0.675,0,0.341,ACQ01
MER_6b4539c77f,IN-LK,Gift/Souvenir,M-1,True,0.758,0.272,5,0.186,ACQ02
MER_b55b9eba74,IN-SG,Dept Store,M-3,False,0.756,0.677,0,0.256,ACQ02
MER_e7398c7713,IN-SG,Misc Retail,M-2,True,0.623,0.815,9,0.427,ACQ03
MER_a3b2317eaa,IN-KH,Hotels,M-1,True,0.767,0.378,5,0.136,ACQ03
MER_f229548878,IN-BT,Hotels,M-2,True,0.792,0.981,13,0.293,ACQ01
MER_fd938be791,IN-BT,Hotels,M-3,False,0.909,0.344,0,0.1,ACQ01
MER_93c0c20f1d,IN,Hotels,M-3,False,0.603,0.17,0,0.398,ACQ06
MER_de02a9749d,IN,Hotels,M-3,False,0.72,0.611,0,0.292,ACQ04
MER_c13c3b0c63,IN-KH,Gift/Souvenir,M-3,False,0.757,0.496,0,0.28,ACQ04
MER_23924e499d,IN-QA,Museum/Attraction,M-3,False,0.9,0.552,0,0.056,ACQ05
MER_e276ce5b0f,IN,Gift/Souvenir,M-3,False,0.935,0.82,0,0.098,ACQ02
MER_0c4e172c40,IN-AE,Misc Retail,M-2,True,0.606,0.939,30,0.36,ACQ01
MER_6ff9966808,IN-LK,Grocery/Retail,M-2,True,0.882,0.786,30,0.225,ACQ05
MER_0080f19ef9,IN-LK,Hotels,M-1,True,0.839,0.913,30,0.134,ACQ02
MER_7402cabee0,IN-SG,Restaurants,M-1,True,0.831,0.698,8,0.193,ACQ04
MER_450ae44363,IN-LK,Dept Store,M-3,False,0.479,0.303,0,0.518,ACQ04
MER_aab84b24b5,IN-SG,Hotels,M-2,True,0.694,0.701,16,0.413,ACQ02
MER_8738cba29d,IN-AE,Hotels,M-2,True,0.525,0.816,17,0.506,ACQ04
MER_5f4a270d04,IN-MU,Hotels,M-3,False,0.85,0.719,0,0.233,ACQ03
MER_b1138ecca2,IN-NP,Hotels,M-3,False,0.737,0.689,0,0.185,ACQ04
MER_0d10532c55,IN-LK,Dept Store,M-1,True,0.689,0.683,0,0.3,ACQ02
MER_499d837a09,IN-FR,Gift/Souvenir,M-3,False,0.918,0.266,0,0.02,ACQ01
MER_a6ae907383,IN-BT,Museum/Attraction,M-2,True,0.702,0.232,14,0.329,ACQ02
MER_ede060e521,IN-AE,Hotels,M-3,False,0.87,0.62,0,0.078,ACQ06
MER_4955de50af,IN-AE,Hotels,M-1,True,0.773,0.784,13,0.164,ACQ04
MER_44c9b04523,IN-KH,Restaurants,M-2,True,0.468,0.65,2,0.572,ACQ01
MER_38be64abc5,IN-BT,Hotels,M-3,False,0.529,0.208,0,0.522,ACQ02
MER_f527e4becc,IN-FR,Dept Store,M-2,True,0.422,0.477,23,0.563,ACQ05
MER_18a3701857,IN-KH,Restaurants,M-2,True,0.569,0.963,3,0.444,ACQ05
MER_814d1b3bee,IN-SG,Museum/Attraction,M-2,True,0.625,0.744,10,0.372,ACQ01
MER_17542bc598,IN-FR,Transport/Taxi,M-2,True,0.613,0.673,15,0.374,ACQ05
MER_5202c5dd71,IN-AE,Restaurants,M-2,True,0.714,0.216,2,0.326,ACQ06
MER_98fa972a03,IN-LK,Grocery/Retail,M-3,False,0.637,0.636,0,0.409,ACQ02
MER_b69e0c90d9,IN-MU,Gift/Souvenir,M-4,True,0.923,0.336,26,0.02,ACQ06
MER_176e414b51,IN-KH,Museum/Attraction,M-3,False,0.849,0.137,0,0.098,ACQ03
MER_cc8ee03c6c,IN-FR,Hotels,M-2,True,0.585,0.772,22,0.397,ACQ05
MER_53accbd682,IN-BT,Museum/Attraction,M-2,True,0.53,0.687,14,0.436,ACQ01
MER_cd1faec41d,IN-SG,Hotels,M-2,True,0.666,0.974,5,0.333,ACQ03
MER_e781b22406,IN-MU,Grocery/Retail,M-2,True,0.62,0.293,28,0.407,ACQ06
MER_85e03b07a1,IN-NP,Hotels,M-4,True,0.973,0.938,11,0.02,ACQ04
MER_eb7a3c87df,IN-SG,Museum/Attraction,M-3,False,0.821,0.769,0,0.197,ACQ06
MER_0892147d4d,IN-KH,Hotels,M-3,False,0.854,0.607,0,0.149,ACQ05
MER_fb2ce76bc2,IN-BT,Hotels,M-2,True,0.71,0.521,12,0.285,ACQ06
MER_fe44904918,IN-LK,Hotels,M-4,True,0.881,0.547,14,0.069,ACQ03
MER_37ab1e4440,IN-KH,Hotels,M-3,False,0.594,0.326,0,0.301,ACQ04
MER_dcd8498b3f,IN-BT,Hotels,M-3,False,0.747,0.619,0,0.298,ACQ06
MER_0ac6caa1ea,IN-LK,Hotels,M-1,True,0.574,0.23,0,0.388,ACQ05
MER_1c10235cc3,IN-KH,Hotels,M-2,True,0.644,0.868,11,0.273,ACQ02
MER_071b3d0104,IN-AE,Hotels,M-1,True,0.832,0.75,13,0.121,ACQ06
MER_4f0ef3572a,IN-BT,Hotels,M-3,False,0.529,0.754,0,0.402,ACQ06
MER_0a3038ab12,IN-LK,Museum/Attraction,M-1,True,0.859,0.966,18,0.125,ACQ02
MER_d836a1a746,IN-BT,Hotels,M-2,True,0.86,0.65,11,0.213,ACQ01
MER_c2791cd29d,IN-FR,Hotels,M-3,False,0.544,0.199,0,0.515,ACQ01
MER_10abb1eb4a,IN-NP,Grocery/Retail,M-1,True,0.884,0.161,18,0.142,ACQ02
MER_2f52f636c8,IN-BT,Restaurants,M-3,False,0.746,0.211,0,0.294,ACQ01
MER_379ce8dc49,IN-MU,Grocery/Retail,M-1,True,0.82,0.469,10,0.184,ACQ02
MER_cf4cdbbef8,IN-MU,Hotels,M-3,False,0.782,0.201,0,0.167,ACQ03
MER_59671087aa,IN-QA,Museum/Attraction,M-3,False,0.768,0.823,0,0.149,ACQ04
MER_c789f295fc,IN-FR,Hotels,M-2,True,0.301,0.957,30,0.599,ACQ02
MER_4141cf5650,IN-LK,Restaurants,M-4,True,0.99,0.244,11,0.02,ACQ04
MER_574a95954d,IN-AE,Misc Retail,M-3,False,0.99,0.19,0,0.061,ACQ03
MER_53d733166a,IN,Hotels,M-3,False,0.728,0.757,0,0.27,ACQ01
MER_776ab53332,IN-AE,Gift/Souvenir,M-1,True,0.698,0.849,0,0.337,ACQ06
MER_de0c1bb2a5,IN-BT,Hotels,M-3,False,0.887,0.294,0,0.197,ACQ01
MER_55a6f69bf8,IN-KH,Grocery/Retail,M-2,True,0.619,0.778,18,0.383,ACQ02
MER_65f1aae2bf,IN-LK,Gift/Souvenir,M-3,False,0.835,0.959,0,0.15,ACQ02
MER_fd5b15adc5,IN-AE,Museum/Attraction,M-1,True,0.749,0.123,0,0.197,ACQ03
MER_ee4eafd3cc,IN,Hotels,M-2,True,0.655,0.579,30,0.356,ACQ05
MER_87e7d31cc5,IN-AE,Transit,M-2,True,0.7,0.928,14,0.34,ACQ03
MER_e2887582b2,IN-MU,Hotels,M-4,True,0.906,0.495,7,0.037,ACQ02
MER_40bd2fae92,IN-NP,Hotels,M-1,True,0.703,0.317,0,0.326,ACQ03
MER_2120048715,IN-NP,Grocery/Retail,M-3,False,0.863,0.511,0,0.104,ACQ05
MER_f621eb4d08,IN-SG,Hotels,M-3,False,0.516,0.818,0,0.546,ACQ01
MER_68b36609cd,IN,Transit,M-2,True,0.572,0.217,12,0.418,ACQ02
MER_b34c68bdeb,IN-BT,Misc Retail,M-2,True,0.705,0.36,27,0.263,ACQ02
MER_ad08245ba9,IN-MU,Hotels,M-2,True,0.675,0.101,5,0.389,ACQ04
MER_7be864e49c,IN-FR,Museum/Attraction,M-3,False,0.893,0.537,0,0.02,ACQ01
MER_2fb7dfff57,IN,Transport/Taxi,M-1,True,0.627,0.267,0,0.301,ACQ06
MER_7864292e1d,IN-QA,Hotels,M-1,True,0.853,0.441,6,0.104,ACQ01
MER_ea738f5c27,IN-SG,Hotels,M-3,False,0.795,0.983,0,0.169,ACQ03
MER_f7f9be128d,IN-FR,Hotels,M-2,True,0.657,0.589,13,0.269,ACQ05
MER_4650967c69,IN-AE,Hotels,M-1,True,0.802,0.543,5,0.083,ACQ05
MER_a9dd9b5c78,IN-BT,Transport/Taxi,M-2,True,0.652,0.966,13,0.341,ACQ06
MER_8c6519afba,IN-FR,Dept Store,M-1,True,0.786,0.189,6,0.173,ACQ05
MER_1f6d0cd7eb,IN,Hotels,M-2,True,0.638,0.373,21,0.437,ACQ03
MER_167a82f2e2,IN-NP,Gift/Souvenir,M-4,True,0.99,0.786,25,0.02,ACQ06
MER_98cebb0ba2,IN-AE,Hotels,M-1,True,0.952,0.588,3,0.037,ACQ04
MER_97a15bc5f7,IN-QA,Hotels,M-2,True,0.657,0.195,13,0.275,ACQ05
MER_8bf2f50370,IN-AE,Hotels,M-1,True,0.702,0.638,12,0.15,ACQ02
MER_70bc75b381,IN-BT,Hotels,M-4,True,0.99,0.234,22,0.02,ACQ06
MER_394c7f2f4b,IN-FR,Misc Retail,M-2,True,0.486,0.934,20,0.447,ACQ06
MER_64a14e3b10,IN-SG,Transport/Taxi,M-3,False,0.652,0.906,0,0.213,ACQ02
MER_d388286fde,IN-AE,Transport/Taxi,M-1,True,0.876,0.572,0,0.22,ACQ03
MER_a524aa7dcf,IN,Museum/Attraction,M-2,True,0.489,0.368,7,0.506,ACQ04
MER_dda22605ee,IN-AE,Hotels,M-3,False,0.775,0.272,0,0.178,ACQ05
MER_c08729737d,IN-SG,Hotels,M-2,True,0.651,0.353,16,0.349,ACQ02
MER_2981067c0f,IN-NP,Hotels,M-3,False,0.902,0.673,0,0.089,ACQ05
MER_e8647a313b,IN,Gift/Souvenir,M-1,True,0.554,0.996,0,0.491,ACQ04
MER_cd68c71c2d,IN,Hotels,M-4,True,0.803,0.38,12,0.062,ACQ05
MER_530cc1abd9,IN-LK,Hotels,M-4,True,0.927,0.42,24,0.073,ACQ06
MER_48e9f5b6ce,IN,Restaurants,M-2,True,0.657,0.253,3,0.358,ACQ02
MER_c723e4338d,IN-BT,Hotels,M-2,True,0.598,0.748,9,0.35,ACQ03
MER_e0333e1d8b,IN-FR,Hotels,M-2,True,0.659,0.361,5,0.335,ACQ01
MER_bbc1231d86,IN-AE,Hotels,M-1,True,0.787,0.546,18,0.163,ACQ04
MER_783d2e5fec,IN-AE,Hotels,M-2,True,0.601,0.517,37,0.415,ACQ06
MER_0caee6f88e,IN-KH,Grocery/Retail,M-2,True,0.539,0.996,38,0.459,ACQ02
MER_02dffe628b,IN-KH,Hotels,M-2,True,0.671,0.479,23,0.261,ACQ01
MER_0938130abd,IN-LK,Gift/Souvenir,M-2,True,0.68,0.735,17,0.269,ACQ03
MER_fd54280866,IN-FR,Hotels,M-3,False,0.667,0.294,0,0.258,ACQ01
MER_d66e499003,IN,Museum/Attraction,M-1,True,0.884,0.91,13,0.158,ACQ01
MER_05bc07cdce,IN-KH,Hotels,M-2,True,0.69,0.308,10,0.306,ACQ02
MER_e5a423ee25,IN-NP,Gift/Souvenir,M-2,True,0.766,0.168,37,0.254,ACQ02
MER_b2b73b8283,IN-AE,Transit,M-2,True,0.703,0.924,15,0.416,ACQ06
MER_3d3618e6a1,IN-KH,Gift/Souvenir,M-3,False,0.768,0.809,0,0.185,ACQ02
MER_ba32ee0abd,IN-BT,Hotels,M-2,True,0.606,0.92,4,0.407,ACQ02
MER_5b8f33d3ed,IN,Hotels,M-2,True,0.627,0.542,8,0.311,ACQ05
MER_075c604a83,IN-AE,Transit,M-2,True,0.585,0.881,22,0.364,ACQ04
MER_efe05d1c46,IN-KH,Dept Store,M-4,True,0.863,0.213,18,0.117,ACQ02
MER_c430f58ccc,IN-KH,Hotels,M-3,False,0.792,0.294,0,0.145,ACQ03
MER_e46411fd46,IN-LK,Hotels,M-4,True,0.948,0.191,14,0.064,ACQ05
MER_14c1c80465,IN-LK,Hotels,M-3,False,0.498,0.532,0,0.529,ACQ04
MER_09a4fce63e,IN-FR,Transit,M-2,True,0.544,0.567,21,0.437,ACQ04
MER_de8427cd52,IN,Gift/Souvenir,M-2,True,0.634,0.252,11,0.42,ACQ04
MER_85c6f337ff,IN-BT,Transport/Taxi,M-2,True,0.651,0.974,13,0.303,ACQ06
MER_daa5447fe8,IN-NP,Grocery/Retail,M-1,True,0.832,0.126,22,0.139,ACQ06
MER_5ca4b81c14,IN-QA,Museum/Attraction,M-1,True,0.928,0.744,5,0.022,ACQ01
MER_4d943a66e0,IN-KH,Hotels,M-1,True,0.729,0.725,0,0.304,ACQ02
MER_3a05dcc320,IN-AE,Hotels,M-4,True,0.966,0.969,24,0.02,ACQ03
MER_1fa9411fa5,IN-MU,Hotels,M-3,False,0.99,0.513,0,0.154,ACQ01
MER_c8b83fc32a,IN-BT,Hotels,M-3,False,0.759,0.453,0,0.26,ACQ05
MER_f0ce92ea3a,IN-LK,Hotels,M-2,True,0.653,0.328,7,0.397,ACQ02
MER_649bbf7820,IN-NP,Grocery/Retail,M-3,False,0.581,0.225,0,0.463,ACQ06
MER_1f4be83bd7,IN-KH,Hotels,M-4,True,0.99,0.552,10,0.032,ACQ03
MER_666dfee5a3,IN-FR,Misc Retail,M-2,True,0.443,0.172,25,0.525,ACQ01
MER_913a2a1f33,IN-AE,Hotels,M-1,True,0.735,0.965,0,0.243,ACQ06
MER_5eaa489035,IN-SG,Hotels,M-2,True,0.669,0.642,14,0.344,ACQ06
MER_0d201eb0e3,IN-LK,Hotels,M-3,False,0.607,0.142,0,0.359,ACQ02
MER_87ab08a970,IN-BT,Misc Retail,M-3,False,0.932,0.947,0,0.024,ACQ03
MER_731bab476f,IN-LK,Gift/Souvenir,M-4,True,0.99,0.482,14,0.02,ACQ06
MER_d3f455b4e1,IN-BT,Grocery/Retail,M-2,True,0.718,0.749,16,0.279,ACQ01
MER_f1a913e7ce,IN-SG,Restaurants,M-4,True,0.887,0.369,7,0.077,ACQ04
MER_7d2bfb612d,IN,Hotels,M-3,False,0.566,0.622,0,0.465,ACQ04
MER_4da0496735,IN-QA,Hotels,M-1,True,0.849,0.937,1,0.11,ACQ03
MER_f7042f2e46,IN-MU,Transit,M-3,False,0.698,0.953,0,0.37,ACQ05
MER_f205ff5e12,IN-QA,Hotels,M-3,False,0.414,0.14,0,0.587,ACQ04
MER_a6e457adc8,IN,Dept Store,M-2,True,0.596,0.515,6,0.377,ACQ04
MER_06605af79d,IN-SG,Misc Retail,M-2,True,0.736,0.194,20,0.278,ACQ01
MER_82b5c2a3d7,IN-QA,Hotels,M-2,True,0.59,0.808,23,0.377,ACQ04
MER_6df308f973,IN-BT,Hotels,M-2,True,0.797,0.98,2,0.244,ACQ04
MER_5ebae5f02a,IN-KH,Hotels,M-2,True,0.521,0.181,21,0.473,ACQ02
MER_29ca796091,IN-KH,Hotels,M-3,False,0.691,0.68,0,0.296,ACQ04
MER_29f7ac71b4,IN-BT,Misc Retail,M-3,False,0.871,0.388,0,0.113,ACQ04
MER_e65d7bfcaa,IN-LK,Hotels,M-3,False,0.699,0.982,0,0.282,ACQ06
MER_3523cade10,IN-SG,Gift/Souvenir,M-2,True,0.693,0.502,18,0.281,ACQ02
MER_882189c7c9,IN-KH,Hotels,M-2,True,0.47,0.803,10,0.52,ACQ02
MER_d7118ad2d9,IN-LK,Hotels,M-1,True,0.884,0.315,0,0.14,ACQ04
MER_0d07752704,IN-QA,Museum/Attraction,M-3,False,0.649,0.254,0,0.35,ACQ05
MER_eafa2e483d,IN-LK,Hotels,M-3,False,0.987,0.273,0,0.062,ACQ06
MER_38f08ba2d4,IN-NP,Grocery/Retail,M-1,True,0.584,0.52,0,0.341,ACQ01
MER_6ca653f38b,IN-QA,Grocery/Retail,M-2,True,0.518,0.545,19,0.455,ACQ04
MER_b50f64c21c,IN-MU,Transport/Taxi,M-1,True,0.808,0.732,0,0.118,ACQ03
MER_453dc18287,IN-QA,Hotels,M-1,True,0.516,0.646,0,0.478,ACQ03
MER_2cb0ba09a2,IN-BT,Hotels,M-2,True,0.814,0.935,31,0.23,ACQ03
MER_beb5562a62,IN-NP,Hotels,M-2,True,0.712,0.143,27,0.356,ACQ01
MER_62b1e100ff,IN,Hotels,M-2,True,0.661,0.976,15,0.369,ACQ03
MER_e233f86666,IN-SG,Gift/Souvenir,M-1,True,0.99,0.451,0,0.02,ACQ05
MER_4b157e1e14,IN-KH,Hotels,M-2,True,0.594,0.885,22,0.372,ACQ05
MER_5ba15024bb,IN-BT,Hotels,M-3,False,0.757,0.96,0,0.319,ACQ04
MER_6488e0e122,IN-AE,Restaurants,M-1,True,0.808,0.351,1,0.175,ACQ04
MER_7920fe42e6,IN-KH,Dept Store,M-1,True,0.608,0.157,0,0.378,ACQ02
MER_e548d53111,IN-KH,Hotels,M-2,True,0.541,0.238,21,0.437,ACQ02
MER_971cd7d82b,IN-AE,Hotels,M-3,False,0.601,0.162,0,0.296,ACQ03
MER_e3055b3568,IN-QA,Misc Retail,M-2,True,0.749,0.353,15,0.265,ACQ01
MER_96d772cac6,IN-NP,Grocery/Retail,M-1,True,0.957,0.893,1,0.089,ACQ04
MER_60aa3fd481,IN-NP,Dept Store,M-2,True,0.548,0.864,19,0.359,ACQ04
MER_b5d4259f39,IN-FR,Hotels,M-4,True,0.905,0.34,8,0.091,ACQ05
MER_5dce5452cb,IN,Hotels,M-2,True,0.611,0.597,1,0.381,ACQ04
MER_c1891397be,IN-KH,Hotels,M-4,True,0.99,0.368,10,0.02,ACQ03
MER_47226574a4,IN-KH,Hotels,M-2,True,0.607,0.359,7,0.386,ACQ06
MER_c03890e60b,IN,Hotels,M-2,True,0.69,0.902,4,0.348,ACQ04
MER_a728f7133f,IN-BT,Grocery/Retail,M-2,True,0.726,0.562,30,0.3,ACQ01
MER_7f0a410694,IN,Museum/Attraction,M-3,False,0.87,0.463,0,0.099,ACQ04
MER_d5f1d4e59a,IN-MU,Misc Retail,M-2,True,0.424,0.704,4,0.533,ACQ03
MER_809fc14a73,IN-LK,Hotels,M-1,True,0.749,0.825,0,0.225,ACQ06
MER_c9ac5e4048,IN-FR,Misc Retail,M-2,True,0.533,0.562,27,0.443,ACQ05
MER_1608242f81,IN-MU,Hotels,M-2,True,0.721,0.884,10,0.286,ACQ04
MER_33f2ce9e61,IN-MU,Hotels,M-2,True,0.498,0.952,9,0.386,ACQ06
MER_7384d9abe5,IN-QA,Hotels,M-2,True,0.701,0.234,32,0.254,ACQ02
MER_304d71f6e6,IN-SG,Restaurants,M-2,True,0.64,0.758,4,0.43,ACQ06
MER_459bd01212,IN-BT,Transport/Taxi,M-2,True,0.601,0.306,16,0.425,ACQ01
MER_94eec6986f,IN-FR,Grocery/Retail,M-2,True,0.676,0.671,24,0.281,ACQ02
MER_d03604141a,IN-KH,Hotels,M-1,True,0.855,0.328,25,0.139,ACQ02
MER_611ff81532,IN-NP,Hotels,M-2,True,0.747,0.393,8,0.253,ACQ02
MER_32386ff412,IN-SG,Hotels,M-3,False,0.631,0.341,0,0.408,ACQ04
MER_3ab4cff411,IN-FR,Transport/Taxi,M-3,False,0.682,0.247,0,0.33,ACQ04
MER_c9bc7f2c85,IN-LK,Hotels,M-2,True,0.65,0.918,9,0.467,ACQ01
MER_9ded0dd445,IN-AE,Hotels,M-3,False,0.757,0.352,0,0.291,ACQ04
MER_6ee693deea,IN-QA,Grocery/Retail,M-1,True,0.813,0.271,0,0.238,ACQ06
MER_3d6b4f17ad,IN-SG,Grocery/Retail,M-1,True,0.888,0.243,10,0.123,ACQ05
MER_2a245f9ed1,IN-NP,Museum/Attraction,M-2,True,0.751,0.757,18,0.231,ACQ01
MER_de5606219c,IN-QA,Hotels,M-4,True,0.99,0.838,22,0.02,ACQ02
MER_cbcd69da39,IN-LK,Hotels,M-3,False,0.892,0.723,0,0.098,ACQ01
MER_e935db9dda,IN-KH,Hotels,M-2,True,0.779,0.979,28,0.21,ACQ03
MER_2f6a864a87,IN-SG,Hotels,M-1,True,0.93,0.13,0,0.093,ACQ02
MER_149ac19cfb,IN-QA,Hotels,M-1,True,0.859,0.222,14,0.124,ACQ05
MER_df385982ea,IN-MU,Grocery/Retail,M-2,True,0.747,0.226,18,0.231,ACQ02
MER_4fe446111d,IN-BT,Hotels,M-2,True,0.58,0.249,7,0.418,ACQ01
MER_c7e41b84e9,IN-AE,Hotels,M-2,True,0.65,0.998,17,0.34,ACQ01
MER_17114c0a5d,IN-NP,Hotels,M-3,False,0.875,0.45,0,0.074,ACQ03
MER_1b632939df,IN-AE,Hotels,M-3,False,0.684,0.935,0,0.278,ACQ04
MER_11ced41e1e,IN-KH,Hotels,M-3,False,0.811,0.371,0,0.143,ACQ05
MER_e5fe96e211,IN-KH,Hotels,M-3,False,0.38,0.681,0,0.6,ACQ03
MER_f08f4af9dc,IN,Hotels,M-2,True,0.841,0.862,33,0.205,ACQ03
MER_22e88c6239,IN-LK,Grocery/Retail,M-2,True,0.779,0.345,5,0.219,ACQ02
MER_27ede19baa,IN-AE,Hotels,M-2,True,0.66,0.903,14,0.322,ACQ04
MER_e5e5000d30,IN-MU,Museum/Attraction,M-1,True,0.808,0.397,17,0.16,ACQ03
MER_d0544e5fd0,IN-LK,Hotels,M-2,True,0.519,0.362,17,0.446,ACQ05
MER_75fd9b7410,IN-BT,Hotels,M-3,False,0.367,0.686,0,0.591,ACQ04
MER_c3e4642300,IN-FR,Hotels,M-2,True,0.503,0.881,29,0.502,ACQ05
MER_8d2a788a54,IN-QA,Hotels,M-3,False,0.721,0.847,0,0.253,ACQ03
MER_dac877f23d,IN-SG,Hotels,M-1,True,0.792,0.703,22,0.136,ACQ04
MER_377f29d7a6,IN-MU,Grocery/Retail,M-2,True,0.595,0.912,25,0.521,ACQ06
MER_106c46204a,IN-KH,Hotels,M-1,True,0.673,0.635,0,0.265,ACQ05
MER_ccb586c07f,IN-NP,Gift/Souvenir,M-2,True,0.696,0.926,6,0.352,ACQ05
MER_f30d9b7813,IN-KH,Hotels,M-2,True,0.717,0.342,3,0.226,ACQ02
MER_ec75d67c9b,IN-QA,Hotels,M-4,True,0.988,0.566,8,0.068,ACQ03
MER_99347c6e60,IN,Hotels,M-2,True,0.685,0.446,2,0.302,ACQ04
MER_aae500bf82,IN-QA,Hotels,M-2,True,0.502,0.953,11,0.455,ACQ01
MER_27d5f459e2,IN-NP,Hotels,M-1,True,0.618,0.299,0,0.358,ACQ06
MER_c3dd0f264e,IN-NP,Grocery/Retail,M-3,False,0.852,0.489,0,0.205,ACQ05
MER_0451e8bf0d,IN,Restaurants,M-2,True,0.57,0.657,25,0.386,ACQ05
MER_1e302d4445,IN-KH,Hotels,M-3,False,0.99,0.981,0,0.02,ACQ03
MER_28fa18a583,IN-KH,Hotels,M-1,True,0.88,0.634,25,0.135,ACQ03
MER_ae5a7e780d,IN-BT,Hotels,M-3,False,0.721,0.831,0,0.26,ACQ06
MER_e8cf54bb24,IN-KH,Hotels,M-2,True,0.445,0.966,22,0.534,ACQ06
MER_1a391cd1bf,IN,Transit,M-3,False,0.686,0.974,0,0.335,ACQ06
MER_9f8a981000,IN,Restaurants,M-1,True,0.613,0.398,0,0.364,ACQ04
MER_c65633c1f3,IN-BT,Hotels,M-2,True,0.623,0.341,14,0.362,ACQ04
MER_317498532d,IN-KH,Museum/Attraction,M-1,True,0.598,0.578,0,0.342,ACQ01
MER_f0db7d6128,IN-MU,Hotels,M-1,True,0.797,0.628,8,0.141,ACQ04
MER_44c49e657a,IN-MU,Hotels,M-1,True,0.99,0.297,3,0.062,ACQ03
MER_c4cff2f243,IN-LK,Hotels,M-3,False,0.69,0.429,0,0.28,ACQ06
MER_201604d898,IN-FR,Misc Retail,M-1,True,0.84,0.573,9,0.146,ACQ01
MER_14be6b9677,IN-LK,Grocery/Retail,M-2,True,0.522,0.58,7,0.57,ACQ01
MER_ddc560d5f2,IN-SG,Hotels,M-2,True,0.769,0.734,22,0.255,ACQ03
MER_9c762e6629,IN-SG,Hotels,M-2,True,0.564,0.615,20,0.444,ACQ06
MER_c4d31cd83b,IN-KH,Hotels,M-3,False,0.846,0.131,0,0.199,ACQ03
MER_b417787f3e,IN-AE,Grocery/Retail,M-2,True,0.65,0.421,33,0.347,ACQ06
MER_953b96668d,IN-MU,Misc Retail,M-3,False,0.62,0.161,0,0.452,ACQ04
MER_0a6e2d548e,IN-KH,Hotels,M-3,False,0.824,0.294,0,0.231,ACQ06
MER_12d7937e82,IN-FR,Grocery/Retail,M-1,True,0.697,0.973,0,0.309,ACQ01
MER_84a7966810,IN-SG,Hotels,M-3,False,0.603,0.818,0,0.427,ACQ01
MER_196fd490c8,IN-SG,Museum/Attraction,M-2,True,0.756,0.102,4,0.276,ACQ05
MER_89f5a74bbd,IN-KH,Hotels,M-3,False,0.713,0.432,0,0.351,ACQ02
MER_f6055056d3,IN-QA,Grocery/Retail,M-1,True,0.823,0.875,26,0.156,ACQ06
MER_8f038333ed,IN-FR,Grocery/Retail,M-3,False,0.651,0.804,0,0.368,ACQ01
MER_83db8808a5,IN-AE,Grocery/Retail,M-2,True,0.463,0.484,9,0.562,ACQ06
MER_2642f6cea4,IN-SG,Hotels,M-2,True,0.718,0.944,11,0.247,ACQ03
MER_737a5690e5,IN-MU,Museum/Attraction,M-3,False,0.733,0.877,0,0.296,ACQ04
MER_7d4ca77213,IN-FR,Hotels,M-2,True,0.515,0.498,9,0.475,ACQ01
MER_2718406d18,IN-AE,Gift/Souvenir,M-2,True,0.511,0.498,13,0.548,ACQ03
MER_68e9d10db5,IN-KH,Gift/Souvenir,M-3,False,0.677,0.429,0,0.346,ACQ02
MER_9e9b823197,IN-KH,Hotels,M-2,True,0.805,0.248,5,0.206,ACQ02
MER_4e751316ad,IN-LK,Hotels,M-2,True,0.642,0.587,33,0.508,ACQ04
MER_853e192048,IN-LK,Hotels,M-1,True,0.892,0.223,0,0.087,ACQ02
MER_2c9cdf1ce4,IN-AE,Hotels,M-2,True,0.6,0.755,10,0.487,ACQ04
MER_e221386dbc,IN-KH,Grocery/Retail,M-4,True,0.986,0.269,12,0.02,ACQ05
MER_6542f44960,IN,Hotels,M-3,False,0.926,0.909,0,0.028,ACQ01
MER_f7a6a83ad6,IN-QA,Hotels,M-2,True,0.566,0.125,18,0.508,ACQ02
MER_02e3aedab7,IN-KH,Hotels,M-2,True,0.808,0.894,9,0.246,ACQ01
MER_39864d6b2a,IN-LK,Dept Store,M-2,True,0.706,0.872,2,0.266,ACQ02
MER_264472307f,IN-AE,Grocery/Retail,M-1,True,0.815,0.26,24,0.145,ACQ02
MER_afadffd3c1,IN-NP,Hotels,M-2,True,0.612,0.652,4,0.413,ACQ02
MER_2cb717435c,IN-LK,Hotels,M-3,False,0.573,0.927,0,0.378,ACQ05
MER_23c8818777,IN-MU,Hotels,M-1,True,0.807,0.332,0,0.228,ACQ01
MER_f8c9f07ad3,IN-QA,Hotels,M-2,True,0.736,0.917,26,0.265,ACQ06
MER_6b2a9add9a,IN-BT,Hotels,M-2,True,0.706,0.739,9,0.309,ACQ05
MER_3e1ed15df2,IN-KH,Hotels,M-2,True,0.816,0.929,10,0.237,ACQ04
MER_f6237262b2,IN-MU,Gift/Souvenir,M-2,True,0.614,0.517,26,0.381,ACQ01
MER_c405adcc74,IN,Hotels,M-2,True,0.452,0.682,8,0.498,ACQ02
MER_d8b462a5ab,IN-MU,Grocery/Retail,M-2,True,0.735,0.858,21,0.224,ACQ06
MER_b7e4541272,IN-NP,Hotels,M-1,True,0.693,0.905,0,0.255,ACQ02
MER_1ef05112ba,IN-FR,Dept Store,M-3,False,0.761,0.88,0,0.209,ACQ04
MER_445ab997e1,IN-QA,Hotels,M-2,True,0.626,0.853,6,0.366,ACQ05
MER_cbb96a10a3,IN-MU,Museum/Attraction,M-3,False,0.819,0.785,0,0.214,ACQ03
MER_b98ab0de85,IN-MU,Hotels,M-3,False,0.637,0.465,0,0.338,ACQ05
MER_f4d5d723c8,IN,Hotels,M-2,True,0.508,0.492,15,0.471,ACQ03
MER_22be6f74c6,IN-LK,Hotels,M-1,True,0.99,0.872,5,0.03,ACQ03
MER_c7738e38ac,IN-MU,Dept Store,M-4,True,0.926,0.507,9,0.02,ACQ04
MER_485372dd93,IN-SG,Hotels,M-2,True,0.699,0.684,30,0.311,ACQ01
MER_57522fa688,IN-FR,Grocery/Retail,M-4,True,0.902,0.339,27,0.089,ACQ03
MER_444cc20afb,IN-NP,Museum/Attraction,M-1,True,0.766,0.478,20,0.127,ACQ04
MER_679bb883c9,IN,Grocery/Retail,M-3,False,0.482,0.118,0,0.453,ACQ04
MER_a35c95aa09,IN-NP,Misc Retail,M-2,True,0.526,0.274,22,0.495,ACQ03
MER_38b0c24974,IN-QA,Museum/Attraction,M-4,True,0.99,0.763,17,0.064,ACQ05
MER_f6665f477d,IN-MU,Transit,M-2,True,0.404,0.292,2,0.591,ACQ03
MER_7b16216687,IN-QA,Hotels,M-2,True,0.659,0.234,6,0.313,ACQ04
MER_d1f230fd3c,IN-FR,Hotels,M-3,False,0.868,0.413,0,0.154,ACQ01
MER_eb7af60a65,IN-BT,Gift/Souvenir,M-4,True,0.97,0.305,8,0.02,ACQ05
MER_ac7b5e0c8c,IN-KH,Transport/Taxi,M-2,True,0.76,0.78,21,0.244,ACQ04
MER_cc3f24a7ed,IN-MU,Hotels,M-2,True,0.783,0.146,18,0.213,ACQ02
MER_16d5f0a044,IN-KH,Hotels,M-2,True,0.466,0.504,19,0.527,ACQ04
MER_e47e5e55e9,IN,Hotels,M-2,True,0.711,0.861,19,0.318,ACQ05
MER_f8694668c5,IN-NP,Restaurants,M-1,True,0.808,0.409,27,0.17,ACQ04
MER_b8766b6558,IN-BT,Museum/Attraction,M-3,False,0.839,0.684,0,0.286,ACQ01
MER_c87575614f,IN-LK,Hotels,M-2,True,0.776,0.758,23,0.248,ACQ03
MER_1b7a0ba2e7,IN-SG,Hotels,M-3,False,0.653,0.39,0,0.408,ACQ05
MER_76bb33d1b1,IN,Hotels,M-3,False,0.815,0.846,0,0.213,ACQ02
MER_ba10fc38f7,IN-FR,Hotels,M-2,True,0.736,0.994,21,0.271,ACQ03
MER_926d964ae4,IN-NP,Transit,M-1,True,0.756,0.837,27,0.147,ACQ03
MER_70f4c8c148,IN-LK,Hotels,M-1,True,0.99,0.916,0,0.161,ACQ06
MER_2ffcf7f56d,IN-LK,Museum/Attraction,M-3,False,0.919,0.429,0,0.059,ACQ06
MER_fd2b913b55,IN-NP,Transport/Taxi,M-2,True,0.573,0.524,20,0.484,ACQ05
MER_f31063548a,IN-SG,Gift/Souvenir,M-1,True,0.855,0.114,3,0.052,ACQ06
MER_979aa62e05,IN-FR,Hotels,M-2,True,0.71,0.622,15,0.324,ACQ03
MER_36c1d4f363,IN-KH,Museum/Attraction,M-2,True,0.678,0.317,1,0.27,ACQ04
MER_fb92c4ca10,IN-AE,Transport/Taxi,M-2,True,0.619,0.587,30,0.305,ACQ06
MER_8165c4277c,IN-QA,Restaurants,M-2,True,0.686,0.57,33,0.332,ACQ04
MER_139c0d1143,IN-QA,Museum/Attraction,M-3,False,0.684,0.21,0,0.206,ACQ06
MER_1bfca5c86b,IN-SG,Hotels,M-2,True,0.513,0.234,15,0.456,ACQ05
MER_bf49cd64c5,IN-NP,Hotels,M-2,True,0.671,0.55,17,0.391,ACQ02
MER_d3592ae07c,IN-QA,Gift/Souvenir,M-3,False,0.643,0.991,0,0.39,ACQ05
MER_3318785cf7,IN-SG,Gift/Souvenir,M-2,True,0.742,0.765,11,0.217,ACQ02
MER_8590749f1c,IN-FR,Hotels,M-3,False,0.9,0.792,0,0.121,ACQ06
MER_d0980d0336,IN-MU,Hotels,M-1,True,0.647,0.529,0,0.259,ACQ04
MER_c6525d4200,IN-BT,Restaurants,M-2,True,0.502,0.975,14,0.485,ACQ05
MER_804c3b3726,IN-LK,Hotels,M-1,True,0.824,0.376,16,0.197,ACQ01
MER_ac8f9f78a3,IN-QA,Hotels,M-3,False,0.465,0.439,0,0.416,ACQ02
MER_d837648c39,IN-BT,Grocery/Retail,M-2,True,0.808,0.266,11,0.206,ACQ05
MER_5ce0fe22e1,IN-FR,Hotels,M-1,True,0.849,0.763,39,0.179,ACQ06
MER_65250b4692,IN-BT,Dept Store,M-3,False,0.505,0.354,0,0.402,ACQ06
MER_4b40b024c2,IN-SG,Grocery/Retail,M-3,False,0.85,0.958,0,0.125,ACQ06
MER_32c49e4724,IN-MU,Hotels,M-3,False,0.721,0.487,0,0.245,ACQ06
MER_86480ffb42,IN-FR,Hotels,M-3,False,0.74,0.433,0,0.234,ACQ06
MER_4a23b97705,IN-QA,Grocery/Retail,M-2,True,0.673,0.339,21,0.348,ACQ03
MER_853fdfd7e3,IN-NP,Restaurants,M-2,True,0.562,0.341,16,0.362,ACQ06
MER_85f07fe488,IN-AE,Gift/Souvenir,M-2,True,0.73,0.158,6,0.225,ACQ05
MER_ff0f9677f3,IN-BT,Gift/Souvenir,M-4,True,0.99,0.512,21,0.02,ACQ04
MER_faabf62519,IN-SG,Hotels,M-2,True,0.785,0.707,2,0.246,ACQ03
MER_93010a37c1,IN-KH,Hotels,M-3,False,0.632,0.605,0,0.273,ACQ01
MER_870c317963,IN,Gift/Souvenir,M-2,True,0.807,0.572,11,0.224,ACQ02
MER_4c4de98f68,IN-KH,Hotels,M-2,True,0.654,0.465,1,0.222,ACQ04
MER_353c8c584d,IN-BT,Dept Store,M-1,True,0.818,0.271,28,0.124,ACQ03
MER_10ef8c2030,IN-AE,Hotels,M-2,True,0.775,0.431,25,0.241,ACQ02
MER_37178a536e,IN-FR,Transit,M-2,True,0.546,0.307,24,0.417,ACQ03
MER_1ead3afd62,IN-KH,Hotels,M-1,True,0.918,0.997,4,0.024,ACQ05
MER_9153b6ab7a,IN-KH,Hotels,M-3,False,0.526,0.514,0,0.474,ACQ04
MER_8ec2a89cdb,IN-SG,Hotels,M-1,True,0.81,0.765,0,0.221,ACQ03
MER_12b1203ae0,IN-BT,Gift/Souvenir,M-2,True,0.745,0.655,27,0.339,ACQ06
MER_b33ba87b5a,IN-QA,Hotels,M-2,True,0.553,0.141,19,0.36,ACQ04
MER_07b0dcc941,IN-KH,Dept Store,M-2,True,0.696,0.727,30,0.251,ACQ06
MER_d06256a027,IN,Hotels,M-2,True,0.732,0.698,7,0.209,ACQ06
MER_b414355ba0,IN-QA,Hotels,M-3,False,0.58,0.436,0,0.494,ACQ03
MER_9c733d76a4,IN,Restaurants,M-2,True,0.574,0.397,2,0.363,ACQ06
MER_bed6c21eb3,IN-BT,Hotels,M-3,False,0.906,0.821,0,0.045,ACQ03
MER_e93fecbd65,IN-QA,Hotels,M-2,True,0.612,0.752,24,0.375,ACQ03
MER_5c699331a9,IN-BT,Transport/Taxi,M-3,False,0.46,0.596,0,0.556,ACQ02
MER_da95e0e8db,IN-NP,Gift/Souvenir,M-3,False,0.574,0.627,0,0.376,ACQ01
MER_71d97f295a,IN-LK,Museum/Attraction,M-2,True,0.6,0.88,3,0.336,ACQ06
MER_3b8864a052,IN-QA,Hotels,M-2,True,0.833,0.638,21,0.205,ACQ04
MER_2ab7084046,IN-AE,Hotels,M-3,False,0.798,0.596,0,0.177,ACQ06
MER_e0cc987e4c,IN-MU,Museum/Attraction,M-3,False,0.633,0.249,0,0.31,ACQ01
MER_e75114df22,IN-QA,Hotels,M-2,True,0.605,0.633,26,0.289,ACQ06
MER_544708da11,IN-FR,Hotels,M-3,False,0.741,0.542,0,0.262,ACQ06
MER_85c151bab0,IN-QA,Grocery/Retail,M-1,True,0.99,0.857,0,0.02,ACQ02
MER_6cf8e9340d,IN,Hotels,M-3,False,0.653,0.639,0,0.381,ACQ05
MER_b4e03f1bcc,IN-QA,Hotels,M-2,True,0.783,0.896,13,0.282,ACQ03
MER_27c311db1f,IN-MU,Transit,M-2,True,0.574,0.563,19,0.4,ACQ04
MER_2819f80246,IN-NP,Hotels,M-4,True,0.99,0.309,28,0.02,ACQ05
MER_c95ae96853,IN-BT,Grocery/Retail,M-2,True,0.656,0.994,28,0.335,ACQ05
MER_e00870efb8,IN-MU,Museum/Attraction,M-3,False,0.748,0.141,0,0.306,ACQ01
MER_fa84ae0819,IN-NP,Misc Retail,M-3,False,0.774,0.706,0,0.2,ACQ01
MER_2c22a2efbc,IN,Hotels,M-2,True,0.712,0.858,17,0.349,ACQ02
MER_17d780a8f7,IN-NP,Hotels,M-4,True,0.99,0.894,23,0.02,ACQ05
MER_35c7fc1941,IN-MU,Grocery/Retail,M-4,True,0.79,0.635,35,0.096,ACQ01
MER_477c80a525,IN-QA,Hotels,M-2,True,0.776,0.552,1,0.243,ACQ06
MER_d4cdc1b501,IN-FR,Hotels,M-4,True,0.959,0.546,7,0.02,ACQ02
MER_20f65d093e,IN-QA,Hotels,M-1,True,0.867,0.495,0,0.193,ACQ04
MER_d4b6d187b3,IN-LK,Transit,M-3,False,0.716,0.798,0,0.283,ACQ05
MER_96850f4c9a,IN-SG,Hotels,M-2,True,0.825,0.26,18,0.205,ACQ06
MER_0f64f68db0,IN-LK,Hotels,M-2,True,0.74,0.544,30,0.237,ACQ02
MER_fe9736d1dd,IN-FR,Misc Retail,M-1,True,0.915,0.79,1,0.071,ACQ04
MER_96d2662fe8,IN,Hotels,M-2,True,0.663,0.552,20,0.248,ACQ03
MER_3ec2b30985,IN-MU,Hotels,M-1,True,0.535,0.26,0,0.494,ACQ01
MER_91a2976f8c,IN,Hotels,M-2,True,0.63,0.772,27,0.428,ACQ02
MER_34dba93f1c,IN-LK,Hotels,M-3,False,0.711,0.976,0,0.366,ACQ05
MER_375ecaab56,IN-KH,Hotels,M-3,False,0.842,0.647,0,0.127,ACQ02
MER_c2a86fdbd5,IN-QA,Grocery/Retail,M-3,False,0.808,0.968,0,0.131,ACQ03
MER_e425431c4a,IN-AE,Transport/Taxi,M-3,False,0.426,0.664,0,0.581,ACQ03
MER_5d81484b20,IN-BT,Hotels,M-2,True,0.742,0.18,15,0.274,ACQ05
MER_dcb61eebf3,IN-MU,Hotels,M-3,False,0.182,0.702,0,0.6,ACQ02
MER_71a53aed5c,IN-FR,Hotels,M-2,True,0.717,0.873,6,0.253,ACQ05
MER_55ac494ea8,IN-NP,Gift/Souvenir,M-3,False,0.496,0.222,0,0.552,ACQ02
MER_4fcb10aaac,IN-MU,Gift/Souvenir,M-1,True,0.72,0.833,0,0.315,ACQ06
MER_f1b6f764bf,IN,Dept Store,M-1,True,0.789,0.796,0,0.077,ACQ03
MER_8b0eef1349,IN-KH,Gift/Souvenir,M-1,True,0.663,0.107,0,0.294,ACQ05
MER_b3011dd508,IN-NP,Hotels,M-3,False,0.806,0.453,0,0.185,ACQ03
MER_ee5c734932,IN-NP,Hotels,M-1,True,0.686,0.583,0,0.383,ACQ05
MER_07d58c7dec,IN-MU,Transit,M-1,True,0.796,0.845,13,0.199,ACQ06
MER_7302d63482,IN-SG,Hotels,M-2,True,0.764,0.172,25,0.34,ACQ02
MER_f794c4b9a2,IN-FR,Hotels,M-4,True,0.983,0.452,24,0.037,ACQ05
MER_dc71313d57,IN-NP,Grocery/Retail,M-2,True,0.706,0.722,14,0.335,ACQ01
MER_fa78af7f7a,IN-AE,Hotels,M-2,True,0.719,0.933,12,0.294,ACQ06
MER_2eb4339854,IN-FR,Transport/Taxi,M-2,True,0.619,0.461,8,0.381,ACQ05
MER_3a4a0033b5,IN-BT,Hotels,M-1,True,0.659,0.733,0,0.331,ACQ06
MER_cbb12e51f9,IN-SG,Hotels,M-2,True,0.513,0.922,17,0.456,ACQ01
MER_91543bdc31,IN-SG,Hotels,M-2,True,0.485,0.458,24,0.491,ACQ04
MER_2ac306c7c4,IN-QA,Hotels,M-4,True,0.99,0.535,22,0.02,ACQ06
MER_b66d019c06,IN-BT,Hotels,M-2,True,0.6,0.421,25,0.39,ACQ06
MER_21c665fe8c,IN-MU,Museum/Attraction,M-1,True,0.611,0.579,0,0.431,ACQ04
MER_980fc42c7a,IN-NP,Hotels,M-1,True,0.852,0.318,30,0.157,ACQ04
MER_0a8093be2e,IN,Gift/Souvenir,M-3,False,0.384,0.9,0,0.6,ACQ03
MER_fd843ae261,IN-BT,Transit,M-2,True,0.566,0.279,34,0.465,ACQ01
MER_653f59b96b,IN-FR,Hotels,M-2,True,0.648,0.469,18,0.292,ACQ04
MER_30fabab231,IN-BT,Hotels,M-3,False,0.714,0.358,0,0.327,ACQ04
MER_cd920e5705,IN-LK,Grocery/Retail,M-3,False,0.932,0.162,0,0.03,ACQ03
MER_33efeed968,IN-KH,Restaurants,M-3,False,0.524,0.223,0,0.4,ACQ03
MER_2c53df1daf,IN,Gift/Souvenir,M-3,False,0.798,0.45,0,0.203,ACQ01
MER_7b17e944b1,IN,Grocery/Retail,M-1,True,0.885,0.13,10,0.125,ACQ01
MER_5b6a29b8fd,IN-SG,Gift/Souvenir,M-2,True,0.671,0.114,30,0.351,ACQ02
MER_c658d6fc94,IN-QA,Hotels,M-3,False,0.526,0.916,0,0.488,ACQ03
MER_b5dd321da5,IN-LK,Hotels,M-3,False,0.671,0.568,0,0.342,ACQ04
MER_0e0b3a4b8e,IN,Hotels,M-3,False,0.679,0.268,0,0.319,ACQ06
MER_3b1df1d2e0,IN-QA,Dept Store,M-2,True,0.469,0.314,28,0.582,ACQ04
MER_c7d2169430,IN-AE,Transit,M-4,True,0.94,0.655,28,0.046,ACQ04
MER_26d0dc61a1,IN-SG,Hotels,M-4,True,0.99,0.899,16,0.02,ACQ02
MER_d7bc03c46e,IN,Hotels,M-4,True,0.99,0.69,20,0.033,ACQ03
MER_8abeeb7ed0,IN,Hotels,M-2,True,0.738,0.946,7,0.269,ACQ05
MER_b4ade9ea65,IN-SG,Misc Retail,M-3,False,0.839,0.319,0,0.166,ACQ04
MER_16c8425ced,IN-QA,Hotels,M-1,True,0.629,0.905,0,0.32,ACQ04
MER_9b7718d4ce,IN,Hotels,M-2,True,0.591,0.671,28,0.474,ACQ06
MER_ddf36f07c8,IN,Museum/Attraction,M-2,True,0.5,0.398,19,0.528,ACQ06
MER_7da6f4f30e,IN-FR,Hotels,M-2,True,0.539,0.939,8,0.497,ACQ05
MER_c6a34072f1,IN-KH,Hotels,M-2,True,0.672,0.384,7,0.28,ACQ01
MER_f0020c93d7,IN,Gift/Souvenir,M-1,True,0.636,0.692,0,0.358,ACQ02
MER_9ec1b95211,IN-MU,Hotels,M-1,True,0.897,0.37,17,0.135,ACQ01
MER_ccdea361e6,IN-MU,Hotels,M-2,True,0.795,0.587,28,0.318,ACQ04
MER_cb4265625c,IN-SG,Hotels,M-2,True,0.64,0.81,11,0.41,ACQ02
MER_da8dd133b9,IN-KH,Hotels,M-2,True,0.677,0.192,11,0.398,ACQ02
MER_83541c279d,IN-LK,Hotels,M-4,True,0.99,0.716,27,0.02,ACQ04
MER_e51da16eea,IN-NP,Hotels,M-1,True,0.776,0.544,0,0.188,ACQ06
MER_5b9cb09a3e,IN-MU,Grocery/Retail,M-2,True,0.789,0.964,3,0.216,ACQ03
MER_121b50bd1a,IN-LK,Restaurants,M-4,True,0.838,0.833,11,0.067,ACQ01
MER_6ed180e4b4,IN-AE,Dept Store,M-2,True,0.462,0.879,24,0.54,ACQ03
MER_631d516ab0,IN-FR,Hotels,M-3,False,0.862,0.923,0,0.114,ACQ02
MER_107de8f290,IN-NP,Hotels,M-4,True,0.986,0.711,12,0.063,ACQ04
MER_50b50048c2,IN-KH,Hotels,M-3,False,0.796,0.741,0,0.219,ACQ05
MER_46ae59d0ca,IN-LK,Museum/Attraction,M-3,False,0.924,0.245,0,0.078,ACQ01
MER_36237144a2,IN-AE,Restaurants,M-1,True,0.915,0.455,1,0.13,ACQ05
MER_0051e0a850,IN-NP,Grocery/Retail,M-3,False,0.545,0.998,0,0.386,ACQ06
MER_4a105f1171,IN-KH,Hotels,M-2,True,0.683,0.653,6,0.225,ACQ02
MER_81b5682a63,IN-KH,Dept Store,M-2,True,0.693,0.988,29,0.297,ACQ04
MER_f2855e6060,IN,Museum/Attraction,M-2,True,0.527,0.81,50,0.6,ACQ02
MER_447b17a6b4,IN-LK,Hotels,M-1,True,0.519,0.22,0,0.387,ACQ03
MER_383afe6e1d,IN-NP,Grocery/Retail,M-1,True,0.81,0.621,21,0.129,ACQ03
MER_d022bee3b7,IN-SG,Gift/Souvenir,M-2,True,0.614,0.54,21,0.309,ACQ03
MER_8ad5252cca,IN-FR,Hotels,M-2,True,0.523,0.568,13,0.511,ACQ05
MER_e34e6bc72b,IN-SG,Hotels,M-3,False,0.579,0.714,0,0.415,ACQ06
MER_628cfcb922,IN-LK,Hotels,M-2,True,0.572,0.74,44,0.459,ACQ04
MER_9314e48e3e,IN-FR,Misc Retail,M-1,True,0.825,0.925,0,0.157,ACQ05
MER_514ad07cef,IN-AE,Misc Retail,M-1,True,0.777,0.463,5,0.153,ACQ01
MER_7237de34e1,IN-BT,Museum/Attraction,M-3,False,0.75,0.105,0,0.175,ACQ05
MER_042a6ea184,IN-SG,Hotels,M-3,False,0.853,0.578,0,0.117,ACQ03
MER_c3e7d4df91,IN-FR,Hotels,M-2,True,0.716,0.868,11,0.221,ACQ01
MER_40f3ac5346,IN-AE,Transit,M-3,False,0.422,0.712,0,0.512,ACQ05
MER_329aabbbfe,IN-FR,Transport/Taxi,M-2,True,0.795,0.955,8,0.22,ACQ03
MER_95fe3311f9,IN-KH,Gift/Souvenir,M-3,False,0.571,0.622,0,0.384,ACQ01
MER_3c0d41af57,IN-BT,Hotels,M-2,True,0.714,0.677,43,0.318,ACQ06
MER_0271ec178d,IN-MU,Hotels,M-2,True,0.742,0.933,12,0.261,ACQ03
MER_acadbaf2ea,IN-MU,Gift/Souvenir,M-2,True,0.574,0.89,10,0.417,ACQ01
