merchant_id,country,mcc_code,merchant_tier,acquirer_partner_id,terminal_type,qr_format,cross_border_enabled_date,staff_readiness_true,footfall_index,merchant_cohort_true
M_619ef6a366,FOREIGN,8099,T2,ACQ_08,DYNAMIC_QR,EMVCo,2025-09-25,0.576,6.22,M-1
M_97f73ddebd,FOREIGN,5411,T2,ACQ_02,STATIC_QR,EMVCo,2026-01-08,0.652,2.52,M-1
M_59ebceeac5,FOREIGN,8220,T2,ACQ_04,POS,EMVCo,2026-02-10,0.697,1.95,M-1
M_d2b14d7c7a,FOREIGN,5944,T3,ACQ_06,STATIC_QR,EMVCo,2025-02-05,0.551,1.3,M-5
M_cb9262c668,IN,7991,T2,ACQ_02,DYNAMIC_QR,EMVCo,2024-09-13,0.818,2.37,M-2
M_6319f41881,FOREIGN,5411,T1,ACQ_03,DYNAMIC_QR,EMVCo,2025-03-21,0.476,2.55,M-2
M_26135adaf5,FOREIGN,8220,T3,ACQ_04,POS,EMVCo,2025-06-11,0.989,2.63,M-1
M_b262f8909d,FOREIGN,5411,T1,ACQ_05,POS,EMVCo,,0.779,0.25,M-3
M_994c256885,IN,8220,T3,ACQ_07,POS,EMVCo,2024-11-02,0.82,3.95,M-1
M_d0e99739af,IN,8099,T2,ACQ_03,POS,PROPRIETARY,2024-10-13,0.15,3.15,M-2
M_12608aae0b,FOREIGN,8062,T3,ACQ_03,DYNAMIC_QR,EMVCo,2025-12-28,0.466,3.0,M-4
M_7b24ce5fc8,IN,7011,T1,ACQ_08,STATIC_QR,EMVCo,,0.835,7.16,M-3
M_1548fb6a25,FOREIGN,4111,T3,ACQ_06,DYNAMIC_QR,EMVCo,2024-10-31,0.883,2.91,M-4
M_dd5e4d104b,IN,4111,T2,ACQ_08,STATIC_QR,EMVCo,2025-02-12,0.201,2.2,M-2
M_a765ab3203,FOREIGN,5999,T1,ACQ_03,DYNAMIC_QR,PROPRIETARY,,0.964,6.6,M-3
M_c139fea93b,FOREIGN,5411,T2,ACQ_01,STATIC_QR,EMVCo,,0.885,2.5,M-3
M_993ff48400,FOREIGN,5812,T2,ACQ_06,STATIC_QR,EMVCo,,0.638,2.09,M-3
M_c23c4f2f00,FOREIGN,5944,T2,ACQ_07,STATIC_QR,EMVCo,,0.914,5.94,M-3
M_337d33127a,IN,5310,T3,ACQ_07,DYNAMIC_QR,EMVCo,2025-09-16,0.735,2.51,M-5
M_f96da3b67c,FOREIGN,4111,T3,ACQ_05,DYNAMIC_QR,EMVCo,2025-10-23,0.628,0.78,M-4
M_bb74b2626d,FOREIGN,7991,T2,ACQ_03,POS,EMVCo,2026-03-21,0.716,2.81,M-5
M_9bb6cdf659,FOREIGN,5941,T2,ACQ_05,STATIC_QR,EMVCo,2025-11-02,0.901,2.66,M-1
M_d83ae521fd,FOREIGN,5411,T1,ACQ_03,STATIC_QR,EMVCo,2024-11-01,0.225,0.17,M-2
M_5141bbfac3,IN,7011,T3,ACQ_06,DYNAMIC_QR,PROPRIETARY,2026-05-18,0.637,3.92,M-1
M_05cddd529b,FOREIGN,8220,T2,ACQ_06,POS,PROPRIETARY,,0.653,0.76,M-3
M_cbeda2c687,FOREIGN,7991,T2,ACQ_01,STATIC_QR,EMVCo,2025-12-03,0.94,2.11,M-1
M_bbc4530e47,FOREIGN,8220,T2,ACQ_03,DYNAMIC_QR,EMVCo,2024-08-13,0.689,6.28,M-1
M_f4f081af23,FOREIGN,5941,T3,ACQ_04,DYNAMIC_QR,EMVCo,2025-12-28,0.255,1.94,M-1
M_86602df495,FOREIGN,8220,T1,ACQ_08,DYNAMIC_QR,EMVCo,,0.778,0.8,M-3
M_3dcfb2ff1c,IN,5999,T3,ACQ_01,ECOM_SDK,EMVCo,,0.616,5.28,M-3
M_bbb74374d5,FOREIGN,8220,T2,ACQ_08,POS,EMVCo,2025-02-24,0.737,2.03,M-2
M_038f65bfef,FOREIGN,5309,T3,ACQ_05,POS,PROPRIETARY,2025-03-29,0.746,2.06,M-1
M_17635fe47a,FOREIGN,8062,T2,ACQ_01,STATIC_QR,EMVCo,2026-04-16,0.742,0.05,M-1
M_74db88ad29,FOREIGN,7011,T2,ACQ_07,DYNAMIC_QR,EMVCo,2025-06-08,0.429,6.93,M-2
M_1262da45de,FOREIGN,8220,T2,ACQ_07,STATIC_QR,EMVCo,,0.79,5.99,M-3
M_908759cc2b,FOREIGN,5944,T2,ACQ_01,STATIC_QR,EMVCo,,0.528,0.59,M-3
M_b92a1ad4a6,FOREIGN,5300,T2,ACQ_07,STATIC_QR,EMVCo,2026-03-14,0.593,3.12,M-4
M_1bf57f40d7,FOREIGN,5411,T2,ACQ_06,DYNAMIC_QR,EMVCo,,0.772,0.95,M-3
M_ca184ce320,FOREIGN,8062,T2,ACQ_05,STATIC_QR,EMVCo,2024-10-30,0.95,0.45,M-1
M_ded1dc37df,FOREIGN,5310,T2,ACQ_07,DYNAMIC_QR,PROPRIETARY,2026-02-18,0.773,1.29,M-1
M_6f5f5e7bf0,FOREIGN,5999,T2,ACQ_01,DYNAMIC_QR,EMVCo,2025-02-12,0.15,1.82,M-2
M_e0e61a50ee,IN,5944,T2,ACQ_08,STATIC_QR,EMVCo,2024-12-11,0.819,1.24,M-1
M_30a34a5b5d,FOREIGN,8062,T1,ACQ_05,DYNAMIC_QR,PROPRIETARY,2025-02-23,0.877,2.29,M-4
M_534639ad86,FOREIGN,8099,T1,ACQ_05,DYNAMIC_QR,EMVCo,,0.978,0.8,M-3
M_a826f506b6,FOREIGN,5309,T3,ACQ_06,STATIC_QR,EMVCo,,0.645,1.45,M-3
M_49c91bb99d,FOREIGN,7011,T1,ACQ_01,DYNAMIC_QR,PROPRIETARY,,0.643,5.1,M-3
M_2fac21e48b,FOREIGN,5310,T2,ACQ_07,DYNAMIC_QR,EMVCo,2025-09-09,0.614,0.14,M-1
M_0793d51602,FOREIGN,5300,T2,ACQ_07,STATIC_QR,PROPRIETARY,2025-01-08,0.826,2.07,M-4
M_e92068b11c,FOREIGN,5941,T2,ACQ_02,STATIC_QR,EMVCo,2026-04-10,0.822,1.95,M-4
M_6d9218f250,IN,5300,T1,ACQ_01,POS,EMVCo,2026-05-23,0.558,3.3,M-4
M_14c95bb46c,FOREIGN,7011,T1,ACQ_08,DYNAMIC_QR,EMVCo,2024-10-03,0.871,3.11,M-4
M_f357c9bf97,FOREIGN,8062,T1,ACQ_07,POS,PROPRIETARY,2026-06-20,0.446,3.25,M-2
M_d898e9f524,FOREIGN,8062,T2,ACQ_05,ECOM_SDK,EMVCo,2024-12-07,0.378,0.72,M-2
M_a2704ee0b8,FOREIGN,5411,T3,ACQ_02,DYNAMIC_QR,EMVCo,2026-06-03,0.783,0.96,M-1
M_6874609b82,FOREIGN,5812,T3,ACQ_08,POS,PROPRIETARY,2026-06-25,0.767,5.12,M-4
M_92395b73c1,IN,7011,T3,ACQ_08,DYNAMIC_QR,EMVCo,,0.687,3.07,M-3
M_4272fe3faf,FOREIGN,5300,T2,ACQ_08,POS,EMVCo,,0.699,2.96,M-3
M_84dd88ffbb,FOREIGN,8062,T2,ACQ_04,DYNAMIC_QR,EMVCo,2025-02-05,0.545,4.08,M-4
M_fad04d1efb,FOREIGN,8099,T2,ACQ_06,STATIC_QR,EMVCo,2026-01-26,0.596,0.94,M-4
M_821d7a6bf1,FOREIGN,5941,T2,ACQ_02,STATIC_QR,EMVCo,2026-04-11,0.471,0.39,M-2
M_c6f2179e94,FOREIGN,5310,T2,ACQ_04,STATIC_QR,EMVCo,2025-10-13,0.841,1.11,M-2
M_a8ff36ccaf,IN,5944,T3,ACQ_05,DYNAMIC_QR,PROPRIETARY,2025-11-05,0.817,7.07,M-1
M_6ae11a8257,FOREIGN,5309,T1,ACQ_03,DYNAMIC_QR,PROPRIETARY,2026-02-16,0.883,1.44,M-1
M_2bdd2d400d,FOREIGN,5999,T3,ACQ_08,DYNAMIC_QR,EMVCo,,0.867,3.23,M-3
M_805085d2e9,FOREIGN,8220,T2,ACQ_05,STATIC_QR,EMVCo,2025-05-17,0.345,0.72,M-2
M_8afc8e1514,FOREIGN,4111,T2,ACQ_05,DYNAMIC_QR,EMVCo,2025-01-20,0.888,3.94,M-4
M_f63fa23590,FOREIGN,5941,T1,ACQ_08,DYNAMIC_QR,EMVCo,2026-01-01,0.849,6.36,M-1
M_1bb775da65,FOREIGN,8220,T3,ACQ_05,STATIC_QR,EMVCo,2025-04-07,0.785,3.03,M-4
M_4a560adfa6,IN,8099,T2,ACQ_01,DYNAMIC_QR,EMVCo,2024-10-24,0.588,1.5,M-4
M_c60b22607b,FOREIGN,5999,T1,ACQ_03,DYNAMIC_QR,EMVCo,2025-01-27,0.727,1.52,M-1
M_cd5e6ffc40,FOREIGN,5812,T2,ACQ_01,DYNAMIC_QR,EMVCo,2024-10-20,0.633,8.06,M-4
M_6810440af2,FOREIGN,5411,T2,ACQ_04,DYNAMIC_QR,PROPRIETARY,2025-08-16,0.774,3.45,M-1
M_55ab5ab8f1,FOREIGN,5944,T3,ACQ_02,POS,EMVCo,,0.683,1.23,M-3
M_e18eef3f31,FOREIGN,8220,T2,ACQ_08,DYNAMIC_QR,EMVCo,,0.78,1.54,M-3
M_7001b5d0e8,IN,5309,T2,ACQ_06,POS,EMVCo,,0.874,1.98,M-3
M_309eebc3ba,FOREIGN,4111,T1,ACQ_07,DYNAMIC_QR,PROPRIETARY,2025-08-16,0.737,6.19,M-1
M_0780a740e7,FOREIGN,5999,T2,ACQ_01,STATIC_QR,EMVCo,2025-12-26,0.636,8.9,M-1
M_511a54b875,FOREIGN,8062,T3,ACQ_05,STATIC_QR,PROPRIETARY,2026-05-28,0.632,2.58,M-4
M_12121e68c3,IN,4111,T2,ACQ_06,POS,EMVCo,2026-03-25,0.651,2.37,M-4
M_fcb3a7ebbd,FOREIGN,5310,T1,ACQ_06,STATIC_QR,EMVCo,2025-06-16,0.605,1.23,M-4
M_257c95e7ff,FOREIGN,8099,T1,ACQ_04,POS,EMVCo,2024-10-15,0.549,2.52,M-1
M_abb9e12b20,FOREIGN,8099,T2,ACQ_04,STATIC_QR,EMVCo,2025-03-02,0.757,11.5,M-4
M_fb3bd792ee,FOREIGN,7991,T3,ACQ_01,ECOM_SDK,EMVCo,2025-09-11,0.632,3.1,M-1
M_e0a858759b,IN,7011,T2,ACQ_07,DYNAMIC_QR,EMVCo,2025-05-25,0.634,2.16,M-1
M_28361326f9,IN,5411,T3,ACQ_02,POS,EMVCo,2024-10-20,0.887,1.36,M-1
M_9489b062e1,IN,5944,T2,ACQ_07,DYNAMIC_QR,EMVCo,2026-06-28,0.871,7.63,M-5
M_8e17d8b1f7,IN,8099,T3,ACQ_06,DYNAMIC_QR,PROPRIETARY,,0.829,2.96,M-3
M_20657d4bbe,FOREIGN,7011,T2,ACQ_04,DYNAMIC_QR,PROPRIETARY,2025-10-09,0.686,0.95,M-1
M_909cbb384b,FOREIGN,7991,T2,ACQ_03,ECOM_SDK,EMVCo,,0.449,1.12,M-3
M_a760400667,FOREIGN,5944,T2,ACQ_02,ECOM_SDK,EMVCo,2024-11-11,0.589,4.29,M-2
M_c8d937b03f,FOREIGN,5309,T2,ACQ_02,POS,EMVCo,2026-01-17,0.57,2.58,M-4
M_7f28b8d834,FOREIGN,5300,T3,ACQ_02,ECOM_SDK,EMVCo,2025-10-01,0.565,7.04,M-4
M_008a55cb56,IN,5309,T3,ACQ_02,STATIC_QR,EMVCo,2025-05-28,0.902,1.19,M-4
M_1444a44d27,FOREIGN,5812,T3,ACQ_07,POS,PROPRIETARY,,0.956,3.92,M-3
M_cdef18fb2b,IN,5411,T2,ACQ_08,POS,PROPRIETARY,2025-12-30,0.67,3.28,M-4
M_d9c7d7da1d,FOREIGN,5941,T1,ACQ_04,DYNAMIC_QR,EMVCo,,0.699,3.25,M-3
M_84d942e0bd,IN,8099,T3,ACQ_05,DYNAMIC_QR,EMVCo,2026-06-15,0.957,3.61,M-1
M_7f31350b77,FOREIGN,5812,T2,ACQ_07,DYNAMIC_QR,PROPRIETARY,,0.368,3.87,M-3
M_3534a0b9fd,IN,5309,T1,ACQ_03,STATIC_QR,PROPRIETARY,2024-09-02,0.432,3.54,M-1
M_58cc1ee941,FOREIGN,8099,T2,ACQ_06,DYNAMIC_QR,EMVCo,,0.496,0.88,M-3
M_7fec0c3dc7,IN,5999,T3,ACQ_07,STATIC_QR,EMVCo,,0.489,5.97,M-3
M_2c6fca9636,FOREIGN,8062,T2,ACQ_02,STATIC_QR,EMVCo,,0.501,0.85,M-3
M_c8d7368a40,IN,5812,T1,ACQ_08,POS,EMVCo,2026-05-04,0.621,1.4,M-2
M_49eaed917b,FOREIGN,5411,T3,ACQ_02,DYNAMIC_QR,EMVCo,2026-02-16,0.566,4.9,M-1
M_371b55a152,FOREIGN,8220,T3,ACQ_07,STATIC_QR,PROPRIETARY,2024-08-15,0.796,4.33,M-1
M_40c95c3149,FOREIGN,5411,T3,ACQ_05,DYNAMIC_QR,EMVCo,,0.834,5.06,M-3
M_f40cb4dd48,FOREIGN,5999,T2,ACQ_05,STATIC_QR,EMVCo,2026-07-30,0.725,2.82,M-4
M_2accadd934,FOREIGN,5300,T1,ACQ_04,DYNAMIC_QR,EMVCo,2026-07-06,0.921,6.08,M-1
M_348d3eff7d,FOREIGN,5944,T2,ACQ_01,DYNAMIC_QR,EMVCo,,0.72,0.89,M-3
M_5f42246e6f,IN,7991,T1,ACQ_04,POS,EMVCo,2025-12-23,0.987,0.7,M-4
M_b4391812ab,FOREIGN,5309,T1,ACQ_03,POS,EMVCo,2025-02-09,0.668,2.83,M-2
M_f4fef91464,FOREIGN,5812,T3,ACQ_02,STATIC_QR,EMVCo,2025-05-17,0.86,2.29,M-4
M_71b020ebbb,IN,8062,T2,ACQ_01,DYNAMIC_QR,PROPRIETARY,2025-01-18,0.466,2.03,M-1
M_88be80f82d,FOREIGN,7991,T1,ACQ_02,STATIC_QR,EMVCo,2024-08-23,0.489,8.29,M-4
M_646d9bb713,FOREIGN,5999,T3,ACQ_08,DYNAMIC_QR,EMVCo,,0.401,1.3,M-3
M_78a063b6f6,FOREIGN,5812,T1,ACQ_04,DYNAMIC_QR,EMVCo,2026-07-30,0.942,8.03,M-1
M_cbc0d76adb,FOREIGN,5310,T2,ACQ_07,DYNAMIC_QR,EMVCo,2025-07-26,0.15,4.56,M-2
M_6dfb265742,IN,5411,T3,ACQ_03,STATIC_QR,EMVCo,2024-09-21,0.766,0.7,M-4
M_886e193b8a,FOREIGN,5999,T3,ACQ_03,STATIC_QR,EMVCo,2025-07-30,0.15,10.98,M-2
M_c504b6ba9e,FOREIGN,7011,T2,ACQ_01,DYNAMIC_QR,EMVCo,2026-03-12,0.253,0.75,M-2
M_ab089c6a45,FOREIGN,5300,T3,ACQ_05,DYNAMIC_QR,EMVCo,2025-05-20,0.65,0.8,M-2
M_8f0d1a097b,IN,8062,T2,ACQ_04,STATIC_QR,EMVCo,2025-06-23,0.976,5.39,M-1
M_cbbba4c744,IN,5309,T3,ACQ_02,DYNAMIC_QR,EMVCo,2025-10-31,0.544,2.86,M-1
M_eee392db58,IN,5411,T2,ACQ_08,STATIC_QR,EMVCo,2025-01-25,0.873,8.53,M-1
M_2d578640d4,FOREIGN,5411,T2,ACQ_08,STATIC_QR,EMVCo,2026-01-29,0.812,1.61,M-1
M_ad20de098a,FOREIGN,7011,T1,ACQ_07,DYNAMIC_QR,EMVCo,2026-03-22,0.872,2.88,M-4
M_15b292f17b,FOREIGN,5999,T2,ACQ_03,POS,EMVCo,2024-09-12,0.808,3.0,M-4
M_50df889269,IN,5999,T1,ACQ_05,DYNAMIC_QR,PROPRIETARY,2025-02-28,0.692,1.58,M-5
M_be656cec6a,FOREIGN,7011,T2,ACQ_04,DYNAMIC_QR,EMVCo,2025-04-12,0.432,2.81,M-2
M_124ccef6ac,FOREIGN,5310,T3,ACQ_02,DYNAMIC_QR,EMVCo,2025-10-23,0.458,5.13,M-2
M_ac8b23ea84,FOREIGN,5812,T1,ACQ_07,POS,EMVCo,2025-04-01,0.868,1.78,M-2
M_baee681919,FOREIGN,8062,T3,ACQ_05,DYNAMIC_QR,EMVCo,2024-12-31,0.372,1.81,M-4
M_01651e9502,FOREIGN,8099,T3,ACQ_01,STATIC_QR,EMVCo,2026-06-22,0.329,6.2,M-2
M_2caebba5a5,FOREIGN,5300,T1,ACQ_02,DYNAMIC_QR,EMVCo,2025-08-15,0.784,2.59,M-2
M_a34bd571f7,IN,5812,T2,ACQ_03,POS,EMVCo,2026-06-18,0.625,3.35,M-2
M_31d74da05e,FOREIGN,5411,T2,ACQ_02,DYNAMIC_QR,EMVCo,,0.823,3.62,M-3
M_d078767ad7,IN,8099,T1,ACQ_05,STATIC_QR,EMVCo,,0.91,3.55,M-3
M_dc4ca6e48d,IN,5411,T3,ACQ_08,POS,EMVCo,2025-01-30,0.888,1.27,M-1
M_917196113d,FOREIGN,4111,T2,ACQ_03,DYNAMIC_QR,EMVCo,2024-09-16,0.704,7.12,M-4
M_a526dc5250,FOREIGN,8099,T2,ACQ_05,ECOM_SDK,EMVCo,2026-03-14,0.396,0.78,M-2
M_12e0f96b18,FOREIGN,5941,T1,ACQ_03,POS,PROPRIETARY,2026-05-13,0.729,0.58,M-1
M_2bb6324d21,FOREIGN,5944,T3,ACQ_01,DYNAMIC_QR,EMVCo,2025-06-23,0.699,3.43,M-1
M_a0454192c8,FOREIGN,7991,T1,ACQ_07,POS,EMVCo,,0.73,5.84,M-3
M_b4f924abb2,FOREIGN,5300,T3,ACQ_03,STATIC_QR,EMVCo,2025-04-08,0.202,0.88,M-2
M_7b218a5335,FOREIGN,5310,T3,ACQ_08,DYNAMIC_QR,EMVCo,2026-02-20,0.71,7.7,M-4
M_6b6da82042,FOREIGN,5310,T3,ACQ_02,DYNAMIC_QR,EMVCo,,0.892,3.54,M-3
M_cee1ddad96,FOREIGN,4111,T1,ACQ_08,STATIC_QR,EMVCo,,0.71,2.03,M-3
M_9b9975a349,FOREIGN,4111,T2,ACQ_05,DYNAMIC_QR,EMVCo,2026-04-28,0.551,1.57,M-2
M_faaa03eec4,FOREIGN,5310,T2,ACQ_02,ECOM_SDK,EMVCo,,0.919,1.08,M-3
M_bc874b165a,IN,4111,T1,ACQ_02,DYNAMIC_QR,PROPRIETARY,,0.827,1.24,M-3
M_4d6bf704e4,FOREIGN,7011,T2,ACQ_06,DYNAMIC_QR,EMVCo,,0.612,1.1,M-3
M_3420b692f6,IN,4111,T3,ACQ_02,STATIC_QR,EMVCo,2026-05-05,0.554,0.82,M-4
M_9bf7f0aa86,FOREIGN,5310,T2,ACQ_08,POS,EMVCo,2025-06-24,0.754,5.82,M-4
M_31dfe49da5,FOREIGN,5310,T3,ACQ_03,STATIC_QR,EMVCo,2025-11-10,0.807,0.82,M-4
M_fa0acb338b,FOREIGN,7011,T1,ACQ_05,STATIC_QR,EMVCo,2025-05-14,0.375,2.22,M-2
M_cfd238f7cf,IN,5999,T3,ACQ_01,DYNAMIC_QR,EMVCo,,0.874,5.37,M-3
M_8e399f93e7,FOREIGN,5411,T2,ACQ_02,STATIC_QR,EMVCo,2025-08-11,0.837,5.33,M-1
M_535203eecf,FOREIGN,4111,T2,ACQ_05,STATIC_QR,EMVCo,2025-02-21,0.163,1.09,M-2
M_bb6f40c755,FOREIGN,5310,T2,ACQ_05,ECOM_SDK,EMVCo,2026-02-08,0.558,1.58,M-1
M_7a42e7ad14,IN,7991,T1,ACQ_03,DYNAMIC_QR,EMVCo,,0.792,5.46,M-3
M_f473d1b336,FOREIGN,7011,T2,ACQ_03,POS,EMVCo,,0.786,3.49,M-3
M_60d57436a3,IN,7011,T2,ACQ_08,STATIC_QR,EMVCo,2025-01-30,0.51,4.16,M-1
M_565e2bcf74,FOREIGN,8099,T2,ACQ_01,DYNAMIC_QR,EMVCo,2025-09-25,0.835,1.1,M-4
M_6b018b77ae,IN,8220,T2,ACQ_03,DYNAMIC_QR,PROPRIETARY,,0.542,3.17,M-3
M_3127828283,IN,5999,T3,ACQ_01,POS,EMVCo,,0.51,4.61,M-3
M_52323911cf,FOREIGN,5999,T2,ACQ_02,ECOM_SDK,EMVCo,2026-05-20,0.711,2.13,M-1
M_32fcbf8952,FOREIGN,5812,T3,ACQ_06,DYNAMIC_QR,PROPRIETARY,2025-04-14,0.864,3.87,M-1
M_03f6d480cd,FOREIGN,5411,T2,ACQ_06,DYNAMIC_QR,PROPRIETARY,2024-10-13,0.794,1.48,M-1
M_883c97cb21,IN,8099,T1,ACQ_07,DYNAMIC_QR,PROPRIETARY,2025-10-09,0.551,1.32,M-1
M_2709b0409d,IN,8062,T2,ACQ_08,ECOM_SDK,EMVCo,2026-06-09,0.664,6.25,M-1
M_e998af7fec,FOREIGN,8220,T1,ACQ_08,DYNAMIC_QR,PROPRIETARY,2026-07-17,0.745,5.44,M-4
M_8bb25d6662,FOREIGN,7991,T3,ACQ_02,ECOM_SDK,EMVCo,,0.92,1.59,M-3
M_17a91b6406,FOREIGN,5309,T2,ACQ_08,POS,EMVCo,2026-05-03,0.927,2.55,M-4
M_036aae75c6,FOREIGN,5812,T2,ACQ_05,DYNAMIC_QR,EMVCo,2024-09-18,0.58,4.41,M-1
M_58d16126d1,IN,7991,T2,ACQ_03,STATIC_QR,EMVCo,,0.482,1.58,M-3
M_2012bd74d7,FOREIGN,8220,T3,ACQ_04,POS,EMVCo,2024-10-27,0.695,2.89,M-4
M_ff36182c01,FOREIGN,8099,T2,ACQ_01,DYNAMIC_QR,EMVCo,2026-05-01,0.853,1.14,M-1
M_815f220e55,FOREIGN,5310,T2,ACQ_01,ECOM_SDK,EMVCo,2025-03-30,0.854,1.46,M-1
M_68649fcbef,IN,8099,T2,ACQ_06,DYNAMIC_QR,EMVCo,2025-12-26,0.444,6.94,M-2
M_bb59101744,FOREIGN,8099,T3,ACQ_01,ECOM_SDK,EMVCo,2024-12-28,0.8,4.97,M-1
M_85bf7d2cad,FOREIGN,5411,T2,ACQ_02,DYNAMIC_QR,PROPRIETARY,2025-01-04,0.772,2.59,M-1
M_0db4ae4d86,FOREIGN,5310,T3,ACQ_06,DYNAMIC_QR,EMVCo,2025-11-10,0.611,0.95,M-1
M_9a53c12be5,FOREIGN,5411,T2,ACQ_01,STATIC_QR,EMVCo,2024-09-11,0.791,1.94,M-4
M_9641b6fed3,FOREIGN,5411,T2,ACQ_02,STATIC_QR,PROPRIETARY,2026-07-14,0.287,1.76,M-2
M_15d52823b7,IN,5309,T2,ACQ_07,STATIC_QR,EMVCo,2024-08-27,0.15,3.66,M-2
M_ba87a475c3,IN,5941,T2,ACQ_04,DYNAMIC_QR,EMVCo,2026-02-27,0.15,2.97,M-2
M_d6689099f5,FOREIGN,5944,T2,ACQ_07,DYNAMIC_QR,EMVCo,2025-06-25,0.915,1.36,M-4
M_b225f2ecaa,FOREIGN,5411,T1,ACQ_05,DYNAMIC_QR,EMVCo,,0.944,4.07,M-3
M_3f322f1e02,IN,8099,T3,ACQ_02,ECOM_SDK,EMVCo,2026-04-09,0.884,8.3,M-1
M_6297a9215a,FOREIGN,5944,T2,ACQ_01,STATIC_QR,EMVCo,2026-04-09,0.83,3.64,M-1
M_6e07db9d7f,FOREIGN,5300,T3,ACQ_03,POS,EMVCo,2025-06-14,0.685,4.54,M-4
M_0b01506cbb,IN,5999,T3,ACQ_08,DYNAMIC_QR,EMVCo,2025-01-02,0.568,2.43,M-2
M_6d99030920,FOREIGN,5411,T3,ACQ_07,STATIC_QR,EMVCo,2025-07-26,0.454,5.43,M-2
M_7305f802ae,IN,5411,T2,ACQ_01,DYNAMIC_QR,EMVCo,2025-08-27,0.885,3.44,M-1
M_21bc2706da,FOREIGN,5411,T3,ACQ_06,DYNAMIC_QR,PROPRIETARY,2024-08-15,0.708,1.51,M-1
M_e413926623,FOREIGN,5309,T3,ACQ_03,STATIC_QR,PROPRIETARY,2025-03-26,0.561,2.46,M-2
M_c40c1a86a9,FOREIGN,5944,T2,ACQ_07,POS,EMVCo,,0.779,0.61,M-3
M_b93896ebbd,IN,5300,T2,ACQ_02,DYNAMIC_QR,EMVCo,,0.757,1.03,M-3
M_aae9b317bc,FOREIGN,5300,T3,ACQ_05,STATIC_QR,EMVCo,,0.673,0.59,M-3
M_3f69233aa7,FOREIGN,8062,T2,ACQ_06,DYNAMIC_QR,EMVCo,2026-07-27,0.658,2.17,M-4
M_1277e889d3,FOREIGN,5300,T2,ACQ_04,DYNAMIC_QR,EMVCo,,0.581,3.28,M-3
M_4b21995572,FOREIGN,5941,T2,ACQ_04,STATIC_QR,EMVCo,2025-02-17,0.449,0.41,M-2
M_f805dae50e,IN,8099,T2,ACQ_04,DYNAMIC_QR,EMVCo,2025-12-07,0.856,0.87,M-4
M_e46001f590,FOREIGN,5300,T2,ACQ_03,DYNAMIC_QR,EMVCo,2025-02-05,0.808,3.5,M-4
M_19ab9a7c85,FOREIGN,5411,T3,ACQ_08,STATIC_QR,PROPRIETARY,2025-11-23,0.715,4.71,M-1
M_068a64dd39,FOREIGN,4111,T2,ACQ_04,STATIC_QR,EMVCo,2024-11-16,0.65,0.61,M-1
M_4f8a82675d,FOREIGN,8099,T3,ACQ_01,POS,EMVCo,,0.605,7.06,M-3
M_8590333166,IN,5310,T2,ACQ_07,STATIC_QR,EMVCo,2024-11-01,0.776,4.06,M-1
M_21f166e226,FOREIGN,7991,T2,ACQ_03,DYNAMIC_QR,EMVCo,2024-08-15,0.867,4.83,M-4
M_9dd93a1672,IN,7011,T3,ACQ_03,POS,EMVCo,2025-04-08,0.956,2.07,M-4
M_eceeeced45,IN,5309,T2,ACQ_02,DYNAMIC_QR,EMVCo,2025-05-25,0.727,4.21,M-4
M_aeed0e952a,IN,7991,T2,ACQ_07,POS,EMVCo,2024-11-09,0.571,4.65,M-2
M_47c7dd200a,FOREIGN,5411,T3,ACQ_06,POS,EMVCo,2025-06-21,0.721,1.47,M-2
M_5e1ee57bb0,IN,8220,T2,ACQ_07,STATIC_QR,EMVCo,,0.488,1.1,M-3
M_b644908efc,FOREIGN,8062,T2,ACQ_04,POS,EMVCo,2024-09-18,0.572,2.6,M-1
M_ca8ee41789,FOREIGN,8220,T2,ACQ_06,STATIC_QR,EMVCo,2025-03-13,0.656,1.53,M-4
M_4475b0aa1f,FOREIGN,5300,T2,ACQ_04,DYNAMIC_QR,EMVCo,2026-06-28,0.744,0.62,M-4
M_2bed627dc4,FOREIGN,5812,T3,ACQ_02,DYNAMIC_QR,PROPRIETARY,2024-08-29,0.854,4.34,M-4
M_65b5243c46,FOREIGN,7011,T2,ACQ_05,DYNAMIC_QR,EMVCo,2025-11-15,0.615,6.4,M-4
M_543cb243ea,FOREIGN,8220,T2,ACQ_08,DYNAMIC_QR,PROPRIETARY,2025-05-26,0.15,1.4,M-2
M_c85a8f7d60,FOREIGN,8099,T2,ACQ_06,DYNAMIC_QR,EMVCo,2025-08-09,0.85,2.39,M-1
M_e1b3deebae,FOREIGN,5310,T3,ACQ_04,DYNAMIC_QR,EMVCo,2025-12-21,0.419,5.89,M-2
M_b8b78b5a09,IN,8220,T1,ACQ_04,POS,EMVCo,,0.732,2.43,M-3
M_0e25e6b93a,IN,5300,T2,ACQ_03,DYNAMIC_QR,PROPRIETARY,2024-11-10,0.628,3.88,M-4
M_4f89348348,FOREIGN,5411,T1,ACQ_04,POS,EMVCo,2026-05-21,0.878,2.31,M-1
M_4f29d731f0,IN,5310,T1,ACQ_05,POS,EMVCo,,0.785,6.87,M-3
M_d1036417be,IN,5999,T3,ACQ_01,POS,EMVCo,2026-06-20,0.864,2.03,M-1
M_dcba296c19,IN,7011,T3,ACQ_02,POS,EMVCo,,0.705,2.89,M-3
M_d4253671ba,FOREIGN,5941,T2,ACQ_05,DYNAMIC_QR,EMVCo,2025-07-31,0.751,2.39,M-1
M_817c3b9038,IN,5944,T1,ACQ_02,POS,EMVCo,2024-11-12,0.551,1.91,M-4
M_4255501d59,FOREIGN,5944,T3,ACQ_03,STATIC_QR,EMVCo,,0.92,2.52,M-3
M_187d0b21d1,FOREIGN,5411,T3,ACQ_07,DYNAMIC_QR,EMVCo,2025-09-24,0.785,0.37,M-1
M_60eb9d0cfb,IN,5411,T2,ACQ_06,DYNAMIC_QR,EMVCo,,0.813,2.32,M-3
M_57ddf8169c,FOREIGN,5310,T2,ACQ_02,DYNAMIC_QR,EMVCo,2025-07-15,0.745,2.55,M-1
M_e5ff3189cd,FOREIGN,4111,T2,ACQ_05,POS,EMVCo,2025-09-03,0.74,4.04,M-1
M_f0362e3b20,FOREIGN,5300,T1,ACQ_08,STATIC_QR,EMVCo,2025-03-30,0.18,1.3,M-2
M_fd31190a31,FOREIGN,5812,T2,ACQ_06,STATIC_QR,EMVCo,2024-11-04,0.406,1.47,M-4
M_6d8b14c686,FOREIGN,5999,T2,ACQ_04,POS,EMVCo,2025-12-23,0.726,2.29,M-4
M_09a2b26ce1,FOREIGN,4111,T2,ACQ_05,DYNAMIC_QR,PROPRIETARY,,0.689,1.27,M-3
M_49d7ced96a,FOREIGN,5941,T2,ACQ_07,DYNAMIC_QR,EMVCo,,0.811,7.24,M-3
M_520f0b36a6,FOREIGN,5310,T1,ACQ_05,POS,EMVCo,2025-10-09,0.619,1.08,M-2
M_7c65c04a35,IN,5944,T2,ACQ_03,STATIC_QR,PROPRIETARY,2025-04-12,0.766,5.99,M-4
M_5ddb9e74f7,IN,5944,T3,ACQ_01,STATIC_QR,EMVCo,2025-06-13,0.828,1.91,M-4
M_595204b8de,FOREIGN,5310,T1,ACQ_08,DYNAMIC_QR,PROPRIETARY,2025-12-08,0.273,2.54,M-2
M_7bf0927a9b,IN,5411,T3,ACQ_07,DYNAMIC_QR,EMVCo,2025-03-15,0.739,2.17,M-1
M_72cd8af68e,IN,5310,T3,ACQ_04,STATIC_QR,PROPRIETARY,2026-07-01,0.693,8.4,M-2
M_8fa989e12e,FOREIGN,5310,T3,ACQ_07,DYNAMIC_QR,EMVCo,2026-07-29,0.386,4.29,M-2
M_3d21f1cab1,IN,8062,T2,ACQ_08,POS,EMVCo,2026-07-25,0.795,1.61,M-1
M_ec01b1f8e8,FOREIGN,4111,T3,ACQ_06,POS,EMVCo,,0.842,1.81,M-3
M_0578ccc98c,IN,8062,T1,ACQ_04,DYNAMIC_QR,EMVCo,2025-02-20,0.717,3.81,M-4
M_f800d591cd,FOREIGN,4111,T3,ACQ_02,DYNAMIC_QR,PROPRIETARY,2026-03-12,0.918,3.77,M-4
M_85c60ccd9c,FOREIGN,8062,T1,ACQ_01,DYNAMIC_QR,EMVCo,2026-07-03,0.877,3.05,M-5
M_22948a7ff8,FOREIGN,5812,T2,ACQ_04,STATIC_QR,EMVCo,2025-09-16,0.362,3.27,M-2
M_d9c5d6799d,FOREIGN,8099,T3,ACQ_04,DYNAMIC_QR,EMVCo,2026-06-29,0.902,2.9,M-1
M_99e22eff7e,FOREIGN,8220,T3,ACQ_03,STATIC_QR,EMVCo,2026-03-25,0.916,2.46,M-4
M_f505f2135b,IN,5300,T1,ACQ_05,STATIC_QR,PROPRIETARY,2026-07-02,0.837,4.1,M-4
M_af2997133e,FOREIGN,7991,T1,ACQ_02,POS,EMVCo,,0.628,5.93,M-3
M_18b80a98a6,IN,5812,T2,ACQ_02,DYNAMIC_QR,EMVCo,2026-07-19,0.183,0.38,M-2
M_d2e520a6f3,FOREIGN,5999,T1,ACQ_02,POS,EMVCo,,0.885,6.17,M-3
M_82b757aa54,FOREIGN,5812,T3,ACQ_02,DYNAMIC_QR,EMVCo,,0.716,4.11,M-3
M_d31d2bb2bc,FOREIGN,5941,T2,ACQ_06,DYNAMIC_QR,EMVCo,2025-01-16,0.723,5.31,M-2
M_ad739bbffd,FOREIGN,5944,T1,ACQ_04,STATIC_QR,EMVCo,2026-06-04,0.894,2.62,M-1
M_9fe96caa3f,FOREIGN,5941,T3,ACQ_02,STATIC_QR,EMVCo,2025-07-17,0.836,8.84,M-1
M_6ac4baf886,FOREIGN,5941,T2,ACQ_06,POS,EMVCo,2025-08-23,0.805,1.74,M-4
M_1443aeb757,IN,5309,T2,ACQ_04,STATIC_QR,EMVCo,2025-01-17,0.663,2.19,M-2
M_5b29f97213,FOREIGN,8099,T2,ACQ_04,STATIC_QR,EMVCo,2025-07-17,0.458,3.24,M-2
M_8c4a1f7abd,FOREIGN,8062,T2,ACQ_06,STATIC_QR,EMVCo,,0.697,4.2,M-3
M_f02177530b,FOREIGN,5300,T2,ACQ_02,DYNAMIC_QR,EMVCo,,0.411,6.59,M-3
M_32485e1fee,IN,5999,T3,ACQ_04,STATIC_QR,EMVCo,,0.925,1.81,M-3
M_fc292fd620,IN,7991,T2,ACQ_03,DYNAMIC_QR,EMVCo,,0.709,11.4,M-3
M_7e77fedf42,IN,5310,T2,ACQ_04,DYNAMIC_QR,EMVCo,2026-06-19,0.433,1.23,M-1
M_e7b9d7ec02,IN,5999,T2,ACQ_04,DYNAMIC_QR,PROPRIETARY,,0.708,4.65,M-3
M_35f0c29188,IN,5300,T3,ACQ_03,DYNAMIC_QR,EMVCo,2026-06-19,0.861,7.57,M-1
M_f4f780d62a,FOREIGN,7011,T2,ACQ_03,POS,EMVCo,2025-04-03,0.687,3.4,M-4
M_d0af07c110,IN,5309,T2,ACQ_02,STATIC_QR,EMVCo,,0.99,2.41,M-3
M_70158d74e0,FOREIGN,5309,T2,ACQ_05,DYNAMIC_QR,EMVCo,2025-10-01,0.668,6.08,M-1
M_c4b319e32f,FOREIGN,5300,T1,ACQ_01,STATIC_QR,EMVCo,2026-06-18,0.75,1.72,M-1
M_95e79e5935,FOREIGN,5812,T2,ACQ_03,ECOM_SDK,EMVCo,2026-05-03,0.808,1.64,M-4
M_1ad054a0ec,FOREIGN,5944,T2,ACQ_06,STATIC_QR,EMVCo,2025-05-22,0.804,1.1,M-4
M_ffd2b8b006,FOREIGN,7011,T3,ACQ_03,DYNAMIC_QR,EMVCo,2025-11-19,0.231,5.15,M-2
M_54401f6a64,FOREIGN,4111,T1,ACQ_04,STATIC_QR,PROPRIETARY,,0.859,4.35,M-3
M_6848c9beef,FOREIGN,8062,T1,ACQ_07,DYNAMIC_QR,PROPRIETARY,2024-10-07,0.742,1.76,M-2
M_9b0983be0f,FOREIGN,8099,T2,ACQ_07,POS,EMVCo,2025-03-09,0.512,0.37,M-1
M_e2264b30e9,FOREIGN,4111,T2,ACQ_05,STATIC_QR,EMVCo,2024-09-10,0.663,1.95,M-1
M_5460ae6e6f,FOREIGN,8099,T3,ACQ_01,POS,EMVCo,,0.874,0.56,M-3
M_ba6bc75d08,FOREIGN,7011,T2,ACQ_02,DYNAMIC_QR,EMVCo,,0.627,6.98,M-3
M_27f0c61147,FOREIGN,8220,T3,ACQ_01,STATIC_QR,PROPRIETARY,2026-06-12,0.343,4.38,M-2
M_dbe27eb184,IN,5812,T2,ACQ_08,POS,EMVCo,2024-08-29,0.79,0.56,M-4
M_c48292cc7b,IN,7011,T1,ACQ_02,STATIC_QR,EMVCo,2024-11-29,0.862,3.07,M-1
M_c2b2a49ebb,FOREIGN,5411,T3,ACQ_02,DYNAMIC_QR,EMVCo,2024-10-06,0.864,2.26,M-4
M_5437b3d90d,FOREIGN,5309,T3,ACQ_08,STATIC_QR,EMVCo,2026-05-29,0.169,5.67,M-2
M_bc44a18ad9,IN,5999,T3,ACQ_04,POS,PROPRIETARY,2026-01-05,0.748,3.31,M-1
M_4680f5e3bd,FOREIGN,5300,T2,ACQ_08,POS,PROPRIETARY,2026-03-18,0.419,0.5,M-2
M_fefbeee0c2,FOREIGN,5812,T1,ACQ_03,DYNAMIC_QR,EMVCo,,0.474,1.01,M-3
M_abbd0f366d,FOREIGN,7991,T1,ACQ_07,DYNAMIC_QR,EMVCo,2025-01-21,0.779,5.29,M-1
M_4e8ef93286,FOREIGN,5310,T3,ACQ_02,POS,PROPRIETARY,2026-05-26,0.684,0.82,M-2
M_739d3f5dae,FOREIGN,7991,T1,ACQ_06,DYNAMIC_QR,EMVCo,2025-11-16,0.687,0.96,M-1
M_395b7c8d8b,FOREIGN,7011,T2,ACQ_07,ECOM_SDK,EMVCo,2025-06-07,0.745,5.66,M-4
M_ecb648eecd,FOREIGN,8099,T2,ACQ_01,DYNAMIC_QR,EMVCo,2025-04-12,0.352,0.21,M-2
M_aa7a894dca,IN,5944,T2,ACQ_08,POS,EMVCo,2025-10-29,0.815,1.4,M-1
M_37f62423c8,FOREIGN,5300,T2,ACQ_06,DYNAMIC_QR,EMVCo,2025-05-30,0.417,1.98,M-2
M_5d5e185b71,IN,8220,T1,ACQ_03,STATIC_QR,EMVCo,,0.678,1.11,M-3
M_0453bd5d69,FOREIGN,5310,T3,ACQ_07,POS,EMVCo,2025-04-25,0.695,1.79,M-1
M_b30af22574,FOREIGN,5941,T2,ACQ_06,ECOM_SDK,EMVCo,2025-12-09,0.785,0.51,M-2
M_163544291f,FOREIGN,7011,T1,ACQ_04,DYNAMIC_QR,EMVCo,,0.974,4.03,M-3
M_59d3cbc24e,FOREIGN,5999,T1,ACQ_03,DYNAMIC_QR,EMVCo,2026-02-04,0.893,1.22,M-4
M_a240d13f58,FOREIGN,5944,T2,ACQ_04,STATIC_QR,EMVCo,2026-03-05,0.707,11.91,M-4
M_42dcd0b0f8,FOREIGN,8220,T3,ACQ_08,DYNAMIC_QR,EMVCo,2026-07-25,0.843,4.73,M-1
M_1aeeb302de,IN,8099,T1,ACQ_06,POS,EMVCo,2025-06-06,0.925,3.61,M-1
M_302f8753ab,FOREIGN,7991,T1,ACQ_03,POS,EMVCo,,0.855,0.62,M-3
M_47fa98fc10,FOREIGN,5812,T2,ACQ_08,POS,EMVCo,2025-11-19,0.589,2.69,M-4
M_6c101e5972,FOREIGN,5999,T2,ACQ_05,DYNAMIC_QR,EMVCo,2026-06-17,0.618,2.95,M-4
M_f507c04755,FOREIGN,5309,T2,ACQ_04,STATIC_QR,PROPRIETARY,,0.876,3.6,M-3
M_0ee655aec4,FOREIGN,7991,T2,ACQ_04,DYNAMIC_QR,PROPRIETARY,2025-10-08,0.874,3.77,M-1
M_f3bfa63da2,FOREIGN,5411,T1,ACQ_07,STATIC_QR,EMVCo,2025-07-11,0.82,4.71,M-4
M_200a10716e,FOREIGN,8099,T2,ACQ_01,STATIC_QR,EMVCo,2025-12-27,0.773,1.53,M-4
M_0642121af9,FOREIGN,5310,T2,ACQ_08,STATIC_QR,EMVCo,2025-06-24,0.835,0.4,M-1
M_a2b39c4d45,FOREIGN,5309,T2,ACQ_04,STATIC_QR,EMVCo,2024-10-10,0.842,3.17,M-1
M_ae27e4a66f,FOREIGN,5309,T2,ACQ_08,STATIC_QR,EMVCo,,0.564,1.81,M-3
M_c3eaa17dcf,FOREIGN,5310,T2,ACQ_01,ECOM_SDK,EMVCo,2025-08-11,0.949,0.43,M-1
M_ea33818150,FOREIGN,4111,T2,ACQ_03,DYNAMIC_QR,EMVCo,2025-10-09,0.9,5.51,M-5
M_752816460f,FOREIGN,8062,T2,ACQ_01,DYNAMIC_QR,EMVCo,,0.705,4.43,M-3
M_2930d8d84c,FOREIGN,8099,T3,ACQ_05,POS,EMVCo,2024-09-07,0.85,2.7,M-1
M_8a26bab94e,IN,5812,T3,ACQ_07,DYNAMIC_QR,PROPRIETARY,2026-01-13,0.868,2.67,M-4
M_a34951e0ef,FOREIGN,5310,T2,ACQ_03,POS,EMVCo,2026-05-09,0.756,0.77,M-1
M_6abe7456c6,IN,5411,T2,ACQ_06,STATIC_QR,PROPRIETARY,2025-01-09,0.641,2.46,M-4
M_cfd1a8e1a0,FOREIGN,7011,T1,ACQ_06,POS,PROPRIETARY,2025-03-18,0.864,5.42,M-1
M_d9fd6302c2,FOREIGN,5812,T2,ACQ_05,DYNAMIC_QR,EMVCo,2025-01-27,0.556,2.35,M-2
M_915dd14bab,FOREIGN,5944,T2,ACQ_07,DYNAMIC_QR,EMVCo,2026-04-14,0.676,1.3,M-4
M_4f6595e6bf,FOREIGN,8220,T2,ACQ_02,DYNAMIC_QR,EMVCo,2026-01-12,0.487,0.85,M-2
M_383b2b5a86,IN,5310,T1,ACQ_08,DYNAMIC_QR,EMVCo,2025-04-20,0.606,6.16,M-4
M_1cf78f70c1,FOREIGN,5411,T3,ACQ_08,DYNAMIC_QR,EMVCo,2025-06-24,0.952,3.23,M-2
M_9d451237ef,FOREIGN,5300,T3,ACQ_04,DYNAMIC_QR,EMVCo,2025-11-24,0.961,4.24,M-4
M_f47ebec54f,FOREIGN,8062,T1,ACQ_08,STATIC_QR,PROPRIETARY,2024-11-05,0.582,2.47,M-1
M_5ff9bdab38,IN,5812,T3,ACQ_02,DYNAMIC_QR,EMVCo,2024-10-22,0.488,0.7,M-4
M_3c82edb57d,FOREIGN,5310,T2,ACQ_05,STATIC_QR,PROPRIETARY,2024-10-30,0.645,4.45,M-1
M_4424c17aa0,FOREIGN,5999,T1,ACQ_04,STATIC_QR,PROPRIETARY,2026-01-22,0.627,7.48,M-4
M_6e0850197c,FOREIGN,8099,T1,ACQ_01,DYNAMIC_QR,EMVCo,,0.85,8.88,M-3
M_2d8ce6a5b1,FOREIGN,5310,T2,ACQ_05,DYNAMIC_QR,EMVCo,2026-04-26,0.688,5.7,M-4
M_f1e8588ffc,FOREIGN,7011,T1,ACQ_02,STATIC_QR,PROPRIETARY,2025-06-26,0.241,2.4,M-2
M_fb250bef7f,FOREIGN,7991,T3,ACQ_03,POS,EMVCo,2026-05-20,0.861,0.41,M-1
M_3e07d28eed,IN,8220,T3,ACQ_05,DYNAMIC_QR,PROPRIETARY,2026-01-13,0.325,6.01,M-2
M_761c3b1646,FOREIGN,8220,T3,ACQ_07,DYNAMIC_QR,EMVCo,2025-03-09,0.82,5.59,M-1
M_97f062bc93,FOREIGN,5999,T2,ACQ_01,STATIC_QR,EMVCo,2025-07-30,0.437,2.34,M-2
M_2633257141,IN,7011,T3,ACQ_03,POS,EMVCo,2024-10-30,0.76,4.74,M-1
M_6f24909dfa,FOREIGN,8099,T2,ACQ_02,DYNAMIC_QR,EMVCo,2025-05-13,0.505,2.46,M-4
M_26c02bbc9e,IN,5309,T2,ACQ_02,DYNAMIC_QR,PROPRIETARY,2025-07-17,0.528,1.73,M-2
M_b8840d570a,FOREIGN,7991,T2,ACQ_05,DYNAMIC_QR,EMVCo,2024-09-05,0.865,3.4,M-1
M_fdb127e9fb,FOREIGN,5300,T1,ACQ_07,STATIC_QR,PROPRIETARY,2025-11-22,0.61,5.52,M-4
M_d618ab8c5f,FOREIGN,5941,T3,ACQ_07,STATIC_QR,EMVCo,2026-02-18,0.318,3.76,M-2
M_da0dc6ff9c,IN,8099,T1,ACQ_05,STATIC_QR,EMVCo,2025-04-05,0.947,3.05,M-1
M_7126ba81a6,FOREIGN,5944,T3,ACQ_03,STATIC_QR,EMVCo,2025-05-21,0.768,11.23,M-4
M_bad5924041,IN,5944,T3,ACQ_03,DYNAMIC_QR,EMVCo,,0.911,2.59,M-3
M_8cc228c792,FOREIGN,5309,T1,ACQ_01,STATIC_QR,PROPRIETARY,2025-03-31,0.736,4.7,M-1
M_1e390f515e,FOREIGN,5309,T1,ACQ_03,POS,EMVCo,2024-11-28,0.732,1.91,M-1
M_a07e597428,FOREIGN,5300,T2,ACQ_07,DYNAMIC_QR,EMVCo,2025-02-15,0.895,5.48,M-1
M_772f8cb971,FOREIGN,5300,T2,ACQ_08,DYNAMIC_QR,EMVCo,2025-09-07,0.4,2.16,M-4
M_a0b7ecc5fa,IN,5411,T3,ACQ_06,POS,EMVCo,2025-05-01,0.371,0.53,M-2
M_1b532bb85f,FOREIGN,8220,T2,ACQ_02,STATIC_QR,EMVCo,2025-02-09,0.5,3.93,M-2
M_b97137834b,FOREIGN,5310,T2,ACQ_03,DYNAMIC_QR,EMVCo,2024-12-02,0.473,1.69,M-4
M_85c601aec8,IN,8099,T3,ACQ_08,ECOM_SDK,EMVCo,2026-04-11,0.576,0.84,M-2
M_2e53d5316b,FOREIGN,4111,T3,ACQ_04,DYNAMIC_QR,EMVCo,,0.199,5.77,M-3
M_d10ccc18d8,IN,5309,T2,ACQ_08,DYNAMIC_QR,EMVCo,,0.503,5.3,M-3
M_0f030984d2,IN,4111,T2,ACQ_03,DYNAMIC_QR,PROPRIETARY,2024-10-04,0.488,1.6,M-2
M_1cce69eba3,FOREIGN,7991,T2,ACQ_03,DYNAMIC_QR,EMVCo,,0.526,3.24,M-3
M_239db9385a,IN,8099,T3,ACQ_06,POS,EMVCo,2025-09-23,0.886,2.6,M-4
M_f7e7c5b01f,IN,5999,T2,ACQ_07,DYNAMIC_QR,EMVCo,,0.778,1.29,M-3
M_a976349734,IN,8062,T1,ACQ_05,DYNAMIC_QR,EMVCo,2024-11-28,0.913,1.17,M-1
M_05f090730a,FOREIGN,5812,T1,ACQ_05,POS,PROPRIETARY,,0.696,1.39,M-3
M_b013d0f4c6,FOREIGN,5300,T3,ACQ_04,STATIC_QR,EMVCo,2024-11-20,0.596,3.11,M-4
M_4ac9fb8aef,IN,5310,T1,ACQ_06,DYNAMIC_QR,EMVCo,2025-09-24,0.826,0.39,M-4
M_daa811b413,FOREIGN,5941,T2,ACQ_03,POS,EMVCo,2026-07-29,0.651,1.02,M-1
M_d73d731875,IN,4111,T3,ACQ_08,STATIC_QR,EMVCo,2025-07-16,0.704,3.53,M-1
M_f2488075a8,FOREIGN,7011,T2,ACQ_06,DYNAMIC_QR,EMVCo,2025-04-06,0.826,0.24,M-4
M_e9fee2694e,FOREIGN,5944,T3,ACQ_02,POS,PROPRIETARY,2025-05-02,0.76,2.68,M-1
M_0b179bb953,FOREIGN,8099,T1,ACQ_06,ECOM_SDK,EMVCo,,0.904,1.37,M-3
M_759a252ade,IN,8062,T2,ACQ_06,DYNAMIC_QR,EMVCo,2025-11-29,0.703,0.69,M-1
M_daebae7c7f,FOREIGN,7991,T2,ACQ_01,DYNAMIC_QR,EMVCo,2026-07-10,0.835,1.26,M-1
M_05a0917dc8,FOREIGN,5812,T2,ACQ_05,DYNAMIC_QR,PROPRIETARY,2026-07-24,0.634,3.18,M-4
M_d0945aadb4,FOREIGN,5941,T3,ACQ_03,DYNAMIC_QR,EMVCo,2025-09-15,0.625,1.34,M-1
M_d0c7e375a1,IN,5941,T3,ACQ_06,DYNAMIC_QR,EMVCo,2026-03-21,0.887,2.5,M-1
M_f31f19b0a7,FOREIGN,5300,T3,ACQ_04,DYNAMIC_QR,EMVCo,2026-02-25,0.206,0.48,M-2
M_f0953dbc80,FOREIGN,7991,T2,ACQ_06,DYNAMIC_QR,EMVCo,2024-09-24,0.929,2.9,M-1
M_9644543d8a,FOREIGN,5300,T2,ACQ_06,DYNAMIC_QR,EMVCo,2025-01-29,0.727,2.57,M-1
M_a186e23ae2,FOREIGN,5411,T2,ACQ_06,DYNAMIC_QR,EMVCo,,0.934,0.16,M-3
M_1ce12f7c51,FOREIGN,5941,T3,ACQ_04,DYNAMIC_QR,EMVCo,2025-11-11,0.783,1.45,M-1
M_c7dc9af435,FOREIGN,5411,T2,ACQ_05,DYNAMIC_QR,EMVCo,2025-11-20,0.968,0.89,M-4
M_acf351692a,FOREIGN,5944,T2,ACQ_08,STATIC_QR,PROPRIETARY,,0.807,2.74,M-3
M_c90c00da13,FOREIGN,5999,T2,ACQ_06,DYNAMIC_QR,EMVCo,2025-03-12,0.822,3.08,M-4
M_b12accab13,FOREIGN,5309,T2,ACQ_02,DYNAMIC_QR,EMVCo,2025-12-06,0.728,2.25,M-2
M_8cfd6ca0f5,FOREIGN,5812,T1,ACQ_07,STATIC_QR,EMVCo,2024-12-21,0.697,8.18,M-1
M_6f58e55761,FOREIGN,5300,T2,ACQ_03,STATIC_QR,EMVCo,,0.848,1.36,M-3
M_55016c52f8,IN,7991,T1,ACQ_01,DYNAMIC_QR,PROPRIETARY,2024-12-13,0.432,1.27,M-1
M_4487bfabeb,FOREIGN,8062,T2,ACQ_05,DYNAMIC_QR,EMVCo,2025-11-15,0.793,4.23,M-1
M_2401ab0061,FOREIGN,5944,T2,ACQ_04,POS,EMVCo,,0.862,17.31,M-3
M_c2a3bc2f49,FOREIGN,8220,T2,ACQ_05,DYNAMIC_QR,PROPRIETARY,2025-03-27,0.674,4.71,M-4
M_c4649dae05,FOREIGN,8220,T1,ACQ_05,DYNAMIC_QR,PROPRIETARY,2025-06-07,0.732,2.03,M-1
M_8357d06c48,IN,5812,T2,ACQ_08,DYNAMIC_QR,EMVCo,2026-06-22,0.861,1.08,M-1
M_41d6c20f26,FOREIGN,5944,T2,ACQ_02,POS,PROPRIETARY,2025-06-23,0.578,1.48,M-4
M_491cd62bde,FOREIGN,5812,T2,ACQ_06,DYNAMIC_QR,EMVCo,2024-10-11,0.229,7.18,M-4
M_cc959cc480,FOREIGN,7011,T3,ACQ_07,DYNAMIC_QR,EMVCo,,0.895,3.23,M-3
M_989aabfa87,IN,5941,T2,ACQ_05,POS,EMVCo,2024-10-31,0.821,3.13,M-4
M_2d1fe76d15,IN,4111,T2,ACQ_04,POS,PROPRIETARY,2025-06-20,0.713,5.16,M-4
M_8c98b098dd,IN,5309,T3,ACQ_08,DYNAMIC_QR,EMVCo,2024-12-17,0.91,1.25,M-4
M_ae46b7f0f9,FOREIGN,5300,T1,ACQ_07,STATIC_QR,EMVCo,,0.86,1.72,M-3
M_af5ce4261f,IN,8220,T1,ACQ_06,DYNAMIC_QR,PROPRIETARY,2024-10-26,0.55,1.4,M-4
M_115dd1bd51,FOREIGN,5999,T3,ACQ_01,DYNAMIC_QR,PROPRIETARY,,0.726,1.61,M-3
M_198486d8e2,FOREIGN,5812,T2,ACQ_05,POS,EMVCo,,0.818,1.92,M-3
M_8ced962566,FOREIGN,8062,T2,ACQ_03,STATIC_QR,EMVCo,2026-05-29,0.225,4.07,M-2
M_91faf05507,FOREIGN,5999,T1,ACQ_03,DYNAMIC_QR,EMVCo,2024-08-28,0.812,5.3,M-4
M_bab3894815,IN,5812,T3,ACQ_06,STATIC_QR,EMVCo,,0.704,3.81,M-3
M_5ceccd32c6,FOREIGN,4111,T2,ACQ_01,DYNAMIC_QR,EMVCo,2025-03-22,0.53,1.76,M-1
M_8d6059e929,FOREIGN,5309,T2,ACQ_04,DYNAMIC_QR,EMVCo,2026-07-11,0.702,3.93,M-4
M_c936512d41,FOREIGN,8220,T1,ACQ_01,ECOM_SDK,EMVCo,2024-10-24,0.918,1.15,M-4
M_cd38171726,FOREIGN,5999,T3,ACQ_01,DYNAMIC_QR,EMVCo,2024-09-25,0.612,4.28,M-4
M_080ee806ca,FOREIGN,5999,T2,ACQ_06,ECOM_SDK,EMVCo,2025-05-22,0.329,0.92,M-2
M_673a0e8366,FOREIGN,8099,T2,ACQ_05,STATIC_QR,PROPRIETARY,2026-06-11,0.76,0.46,M-1
M_c22a2568bc,FOREIGN,5310,T2,ACQ_04,POS,EMVCo,2024-08-31,0.381,0.18,M-2
M_ef15512959,FOREIGN,4111,T1,ACQ_03,DYNAMIC_QR,EMVCo,2026-04-09,0.847,4.19,M-1
M_602c9217ac,IN,5944,T1,ACQ_05,POS,EMVCo,,0.708,4.4,M-3
M_a723f7ccbf,FOREIGN,7991,T2,ACQ_01,DYNAMIC_QR,PROPRIETARY,,0.715,0.89,M-3
M_c2f6feb2bb,FOREIGN,5309,T1,ACQ_08,STATIC_QR,PROPRIETARY,2024-12-09,0.733,1.83,M-4
M_849a415ca5,IN,5300,T3,ACQ_06,STATIC_QR,EMVCo,2025-12-24,0.646,0.68,M-4
M_737ec8afd5,IN,7011,T1,ACQ_04,POS,EMVCo,2025-01-30,0.651,0.26,M-1
M_5e3edf2f27,IN,5310,T2,ACQ_01,STATIC_QR,EMVCo,2024-11-21,0.725,3.97,M-4
M_5086015162,IN,8220,T1,ACQ_04,POS,EMVCo,2026-04-23,0.618,1.0,M-1
M_1f417cbbf8,FOREIGN,7991,T2,ACQ_07,DYNAMIC_QR,PROPRIETARY,2025-02-24,0.803,8.94,M-4
M_48eed1fff6,FOREIGN,5941,T2,ACQ_05,DYNAMIC_QR,PROPRIETARY,2024-11-13,0.848,2.48,M-4
M_69afdafd04,FOREIGN,5411,T2,ACQ_06,STATIC_QR,PROPRIETARY,2024-10-01,0.265,3.47,M-2
M_9111e965d9,FOREIGN,8062,T2,ACQ_04,DYNAMIC_QR,PROPRIETARY,2026-03-20,0.851,1.66,M-4
M_c1e215a3aa,FOREIGN,8062,T2,ACQ_04,POS,PROPRIETARY,,0.617,0.09,M-3
M_4cbf865cee,FOREIGN,5812,T2,ACQ_05,DYNAMIC_QR,PROPRIETARY,,0.526,0.3,M-3
M_362650ba8f,FOREIGN,5300,T3,ACQ_08,STATIC_QR,EMVCo,2026-06-20,0.942,2.83,M-4
M_595556da61,IN,5310,T2,ACQ_02,DYNAMIC_QR,EMVCo,2025-10-30,0.761,3.09,M-1
M_2e22914a17,FOREIGN,7011,T1,ACQ_05,DYNAMIC_QR,PROPRIETARY,2025-10-22,0.15,2.92,M-2
M_f8f115a0a1,FOREIGN,7991,T1,ACQ_04,STATIC_QR,PROPRIETARY,2026-05-20,0.814,8.85,M-4
M_2b2c12db5c,FOREIGN,5309,T3,ACQ_02,DYNAMIC_QR,EMVCo,2025-03-11,0.513,5.0,M-1
M_005b8a18e9,FOREIGN,5999,T2,ACQ_07,DYNAMIC_QR,EMVCo,,0.911,1.12,M-3
M_b3ad4e4b84,FOREIGN,5310,T2,ACQ_01,STATIC_QR,EMVCo,,0.596,8.91,M-3
M_2932ced081,IN,5300,T2,ACQ_08,DYNAMIC_QR,EMVCo,,0.825,4.62,M-3
M_b0b26c1194,IN,5941,T1,ACQ_06,DYNAMIC_QR,EMVCo,2026-06-05,0.882,2.78,M-1
M_0040022d0d,FOREIGN,7011,T2,ACQ_07,STATIC_QR,EMVCo,2025-01-22,0.889,3.68,M-4
M_5264be3ace,IN,5309,T2,ACQ_03,DYNAMIC_QR,PROPRIETARY,2025-08-02,0.688,2.75,M-1
M_cf5b609d6d,FOREIGN,8062,T3,ACQ_08,DYNAMIC_QR,EMVCo,2024-08-26,0.958,0.21,M-4
M_94885656f4,FOREIGN,5309,T3,ACQ_08,DYNAMIC_QR,EMVCo,2026-02-06,0.71,1.78,M-1
M_f325453b90,IN,5309,T2,ACQ_03,DYNAMIC_QR,EMVCo,,0.82,2.16,M-3
M_ccfe06653d,FOREIGN,5812,T3,ACQ_02,POS,EMVCo,2024-08-28,0.963,2.79,M-1
M_c9afb41e1a,IN,5999,T1,ACQ_01,DYNAMIC_QR,EMVCo,,0.742,7.98,M-3
M_80dfe59ed1,FOREIGN,5300,T1,ACQ_05,DYNAMIC_QR,EMVCo,2025-04-29,0.914,1.78,M-4
M_ed40628c93,FOREIGN,5411,T1,ACQ_07,DYNAMIC_QR,EMVCo,2025-03-27,0.569,2.59,M-1
M_09414493a8,FOREIGN,5300,T3,ACQ_02,STATIC_QR,EMVCo,2026-07-30,0.641,0.62,M-4
M_7a226450ac,FOREIGN,8062,T2,ACQ_02,POS,EMVCo,2026-05-14,0.898,2.45,M-4
M_7f5eb11587,FOREIGN,5812,T1,ACQ_05,DYNAMIC_QR,EMVCo,2026-03-16,0.832,4.11,M-1
M_6df281f550,FOREIGN,5309,T3,ACQ_04,DYNAMIC_QR,EMVCo,2025-05-21,0.863,0.51,M-4
M_e810230b33,FOREIGN,5310,T3,ACQ_03,STATIC_QR,EMVCo,2026-06-12,0.919,5.89,M-1
M_e176f894cc,FOREIGN,7011,T1,ACQ_02,POS,EMVCo,2025-02-04,0.199,3.21,M-2
M_81c1de382c,FOREIGN,5411,T3,ACQ_01,POS,EMVCo,2025-11-14,0.561,1.7,M-5
M_d0583e5e2b,IN,4111,T2,ACQ_03,DYNAMIC_QR,PROPRIETARY,,0.76,5.71,M-3
M_dd7927e5cc,IN,5944,T2,ACQ_07,STATIC_QR,PROPRIETARY,,0.932,3.26,M-3
M_0b6fb4d4e9,FOREIGN,5941,T2,ACQ_08,DYNAMIC_QR,EMVCo,2026-01-19,0.782,8.39,M-4
M_e43acd24a4,FOREIGN,8220,T3,ACQ_01,STATIC_QR,EMVCo,2024-11-20,0.696,0.81,M-1
M_c223be7d3d,IN,5309,T3,ACQ_05,DYNAMIC_QR,EMVCo,2025-06-20,0.824,1.81,M-5
M_4e4e3b5332,IN,4111,T2,ACQ_05,POS,EMVCo,,0.927,3.95,M-3
M_e12104db18,FOREIGN,8099,T3,ACQ_03,STATIC_QR,EMVCo,,0.753,2.05,M-3
M_1cd67c4b2e,FOREIGN,5812,T1,ACQ_01,STATIC_QR,EMVCo,,0.763,0.76,M-3
M_edc53889fb,IN,5999,T3,ACQ_01,STATIC_QR,EMVCo,2025-12-05,0.754,1.03,M-4
M_7e91696f61,IN,7011,T2,ACQ_08,POS,EMVCo,2025-10-03,0.672,1.38,M-2
M_4c88f44895,FOREIGN,8062,T3,ACQ_04,POS,EMVCo,2025-10-02,0.337,2.9,M-2
M_e8745d6279,FOREIGN,5941,T2,ACQ_03,ECOM_SDK,EMVCo,2024-08-20,0.749,0.62,M-1
M_1787f81720,IN,5411,T1,ACQ_08,DYNAMIC_QR,PROPRIETARY,2025-01-04,0.783,8.25,M-5
M_fa0ad2fa54,IN,8099,T3,ACQ_07,DYNAMIC_QR,PROPRIETARY,2025-08-08,0.926,0.27,M-1
M_a83a7c6179,FOREIGN,5941,T3,ACQ_06,DYNAMIC_QR,EMVCo,2026-02-16,0.935,3.25,M-1
M_c94671e843,IN,8220,T2,ACQ_05,STATIC_QR,EMVCo,2025-02-24,0.851,4.78,M-4
M_4369823323,FOREIGN,5812,T2,ACQ_06,STATIC_QR,PROPRIETARY,2025-03-13,0.66,0.38,M-1
M_f9a23b568b,FOREIGN,5941,T2,ACQ_03,DYNAMIC_QR,EMVCo,2026-07-13,0.513,2.85,M-1
M_aa33cd6b03,FOREIGN,5310,T2,ACQ_07,STATIC_QR,EMVCo,2025-01-09,0.688,1.19,M-4
M_d77f9aeba2,FOREIGN,5300,T2,ACQ_04,STATIC_QR,EMVCo,2026-04-12,0.38,3.24,M-2
M_6dd54bc61a,FOREIGN,7011,T1,ACQ_08,DYNAMIC_QR,PROPRIETARY,,0.498,2.91,M-3
M_a996f51b81,IN,5941,T2,ACQ_08,POS,EMVCo,2026-04-02,0.613,4.58,M-2
M_74960c60a3,FOREIGN,5999,T2,ACQ_04,STATIC_QR,EMVCo,,0.588,2.42,M-3
M_5d201d3b7e,FOREIGN,8220,T1,ACQ_06,STATIC_QR,PROPRIETARY,2025-11-06,0.823,3.48,M-1
M_a88e4acb6e,IN,5812,T3,ACQ_03,STATIC_QR,EMVCo,2025-03-15,0.693,1.0,M-1
M_e596ab67a4,FOREIGN,7011,T2,ACQ_04,STATIC_QR,PROPRIETARY,2024-12-20,0.599,4.31,M-4
M_baec203e36,FOREIGN,4111,T2,ACQ_07,POS,PROPRIETARY,2024-11-28,0.347,1.83,M-1
M_4c1c564e74,FOREIGN,8220,T3,ACQ_02,POS,PROPRIETARY,2025-09-28,0.848,1.89,M-1
M_ad4199c5af,IN,5300,T2,ACQ_02,DYNAMIC_QR,EMVCo,2024-09-20,0.78,11.62,M-5
M_7a1753c32e,FOREIGN,5300,T3,ACQ_04,STATIC_QR,PROPRIETARY,2026-06-08,0.726,1.09,M-1
M_5a2ca256c2,FOREIGN,8099,T2,ACQ_02,DYNAMIC_QR,EMVCo,2025-10-02,0.628,2.5,M-5
M_4d2ef355e1,IN,5411,T2,ACQ_08,STATIC_QR,EMVCo,2025-07-24,0.86,5.45,M-4
M_83ff2d85c7,FOREIGN,5944,T2,ACQ_02,STATIC_QR,EMVCo,,0.802,4.57,M-3
M_62449a7c65,IN,7011,T1,ACQ_03,STATIC_QR,EMVCo,,0.704,2.08,M-3
M_e6f8024ad1,IN,8220,T2,ACQ_03,DYNAMIC_QR,EMVCo,2025-06-21,0.622,8.75,M-1
M_44527458e2,FOREIGN,5300,T2,ACQ_03,STATIC_QR,EMVCo,2025-08-10,0.699,0.8,M-4
M_0c98719a53,FOREIGN,5309,T2,ACQ_07,DYNAMIC_QR,EMVCo,2025-05-06,0.602,11.34,M-1
M_d9870a8941,FOREIGN,8062,T2,ACQ_07,POS,EMVCo,2025-04-30,0.952,1.11,M-1
M_b73d3bb045,IN,5300,T2,ACQ_02,DYNAMIC_QR,EMVCo,2026-06-21,0.508,3.23,M-2
M_224e5b1eba,FOREIGN,5812,T2,ACQ_05,DYNAMIC_QR,EMVCo,2024-12-28,0.424,3.35,M-2
M_1b523991e6,FOREIGN,5309,T3,ACQ_07,DYNAMIC_QR,PROPRIETARY,2024-12-25,0.582,2.14,M-1
M_b182794239,IN,7991,T2,ACQ_01,DYNAMIC_QR,EMVCo,,0.927,10.74,M-3
M_6c3d22ae6a,IN,5309,T2,ACQ_03,DYNAMIC_QR,EMVCo,2026-06-04,0.822,3.46,M-1
M_c27c80b7d4,FOREIGN,5812,T2,ACQ_04,POS,EMVCo,2025-04-09,0.933,2.56,M-4
M_326c450e6b,FOREIGN,7011,T1,ACQ_07,DYNAMIC_QR,EMVCo,2026-06-23,0.739,1.48,M-1
M_627589078a,IN,5300,T2,ACQ_01,DYNAMIC_QR,PROPRIETARY,2025-09-23,0.611,0.3,M-1
M_b9c0af89c8,FOREIGN,4111,T2,ACQ_03,DYNAMIC_QR,PROPRIETARY,,0.912,3.08,M-3
M_92f8d67403,IN,5812,T2,ACQ_04,DYNAMIC_QR,EMVCo,2026-03-06,0.701,0.63,M-1
M_d189645b4d,IN,5812,T2,ACQ_07,STATIC_QR,EMVCo,2025-08-21,0.624,1.87,M-1
M_48017b370a,FOREIGN,5309,T2,ACQ_05,DYNAMIC_QR,EMVCo,,0.864,5.92,M-3
M_354b1a322b,IN,5999,T2,ACQ_01,STATIC_QR,PROPRIETARY,,0.905,6.92,M-3
M_22222fb292,IN,5411,T3,ACQ_01,DYNAMIC_QR,EMVCo,2025-09-11,0.914,2.67,M-4
M_3f69e40182,FOREIGN,5941,T3,ACQ_05,DYNAMIC_QR,EMVCo,2025-12-20,0.5,4.54,M-1
M_ca5968c9c1,FOREIGN,8220,T2,ACQ_03,POS,EMVCo,2026-03-11,0.899,4.85,M-1
M_4ab73ff42e,FOREIGN,5812,T2,ACQ_08,DYNAMIC_QR,EMVCo,2025-08-02,0.507,3.66,M-1
M_a3e2caf7e3,IN,5941,T1,ACQ_05,POS,EMVCo,2026-04-16,0.592,5.55,M-5
M_484c8328c9,IN,8099,T2,ACQ_04,STATIC_QR,EMVCo,2025-01-09,0.876,2.63,M-4
M_97288f0a57,FOREIGN,4111,T3,ACQ_03,DYNAMIC_QR,PROPRIETARY,2026-07-06,0.807,2.23,M-4
M_2708217595,FOREIGN,8062,T3,ACQ_05,DYNAMIC_QR,PROPRIETARY,2025-03-22,0.843,4.81,M-1
M_d5f72dd731,FOREIGN,8062,T3,ACQ_03,DYNAMIC_QR,PROPRIETARY,,0.675,0.83,M-3
M_23d458afcf,IN,7991,T2,ACQ_04,DYNAMIC_QR,EMVCo,2025-10-20,0.913,9.62,M-1
M_8a084f682e,FOREIGN,7991,T3,ACQ_04,DYNAMIC_QR,EMVCo,2025-06-16,0.682,3.51,M-1
M_dbe8c68f0e,FOREIGN,5310,T2,ACQ_07,STATIC_QR,EMVCo,2025-09-16,0.894,6.73,M-4
M_c4d594f275,IN,7011,T2,ACQ_03,POS,EMVCo,2024-10-20,0.828,2.2,M-1
M_642260e9c7,FOREIGN,5300,T2,ACQ_07,DYNAMIC_QR,EMVCo,2024-09-13,0.608,4.01,M-1
M_7e097ceb0f,FOREIGN,5310,T1,ACQ_04,STATIC_QR,EMVCo,2025-12-27,0.17,1.04,M-2
M_9ad8ad3dcc,FOREIGN,5309,T3,ACQ_06,POS,EMVCo,2024-12-10,0.527,0.69,M-1
M_7fcf198a97,FOREIGN,5944,T2,ACQ_06,DYNAMIC_QR,EMVCo,2025-11-19,0.15,0.74,M-2
M_897b504e62,FOREIGN,5812,T2,ACQ_01,POS,EMVCo,2025-08-17,0.549,2.04,M-1
M_982ccd47ad,IN,7991,T3,ACQ_04,DYNAMIC_QR,PROPRIETARY,2025-03-28,0.463,4.27,M-2
M_26da6fb3af,FOREIGN,5411,T3,ACQ_08,POS,EMVCo,2025-05-29,0.663,3.3,M-4
M_a3769f1081,IN,5411,T2,ACQ_07,POS,EMVCo,2026-03-29,0.975,1.79,M-1
M_711c5b1e29,FOREIGN,5941,T3,ACQ_08,DYNAMIC_QR,EMVCo,2025-10-22,0.578,1.63,M-4
M_ea3ce8fa57,IN,4111,T2,ACQ_06,STATIC_QR,PROPRIETARY,2026-04-21,0.54,7.14,M-4
M_79c7cc738a,FOREIGN,5411,T3,ACQ_06,DYNAMIC_QR,EMVCo,2026-06-09,0.789,6.07,M-4
M_1aeac5cfb6,FOREIGN,5411,T3,ACQ_05,DYNAMIC_QR,EMVCo,2025-11-15,0.787,0.65,M-4
M_400b6c6d09,IN,5310,T1,ACQ_01,STATIC_QR,EMVCo,2024-10-13,0.922,3.2,M-1
M_bd6d468cc9,IN,8062,T2,ACQ_05,DYNAMIC_QR,PROPRIETARY,,0.885,1.06,M-3
M_468bcb89ef,FOREIGN,5999,T2,ACQ_03,POS,EMVCo,2024-12-27,0.45,3.67,M-4
M_505a8c097d,FOREIGN,5941,T2,ACQ_05,POS,EMVCo,2024-12-02,0.692,0.61,M-4
M_5ceba7c754,IN,8062,T2,ACQ_04,ECOM_SDK,PROPRIETARY,2025-01-19,0.69,1.97,M-1
M_215409e8b3,FOREIGN,5411,T2,ACQ_08,POS,EMVCo,,0.565,1.86,M-3
M_6d1a5f85d9,FOREIGN,4111,T3,ACQ_01,ECOM_SDK,EMVCo,2025-09-16,0.528,6.29,M-5
M_1cbee82ea8,FOREIGN,4111,T2,ACQ_03,STATIC_QR,EMVCo,2025-05-12,0.784,5.58,M-1
M_31fb852056,FOREIGN,7991,T3,ACQ_02,POS,PROPRIETARY,2026-04-30,0.677,2.32,M-1
M_a7b8bc07ff,IN,5999,T1,ACQ_07,DYNAMIC_QR,EMVCo,2025-10-07,0.663,2.17,M-1
M_f123b07837,FOREIGN,8062,T2,ACQ_08,STATIC_QR,EMVCo,2025-02-26,0.841,3.72,M-1
M_b2f745ea1b,FOREIGN,8220,T2,ACQ_01,STATIC_QR,EMVCo,,0.823,3.21,M-3
M_caa95b9cbc,FOREIGN,4111,T3,ACQ_04,STATIC_QR,EMVCo,2025-04-29,0.217,3.19,M-2
M_d19e532d99,FOREIGN,5812,T2,ACQ_07,STATIC_QR,EMVCo,,0.773,5.13,M-3
M_3499f7a069,IN,5309,T2,ACQ_03,STATIC_QR,PROPRIETARY,2025-03-30,0.946,6.58,M-1
M_2a94f0b60d,FOREIGN,4111,T3,ACQ_07,STATIC_QR,EMVCo,,0.652,5.8,M-3
M_c27b8803e1,FOREIGN,8220,T2,ACQ_03,ECOM_SDK,EMVCo,2026-03-21,0.688,2.13,M-5
M_e0c00110a9,FOREIGN,5310,T2,ACQ_04,DYNAMIC_QR,EMVCo,2025-12-16,0.452,2.04,M-4
M_20f872feae,IN,5411,T2,ACQ_04,DYNAMIC_QR,EMVCo,,0.851,3.22,M-3
M_c1f7123825,FOREIGN,8099,T3,ACQ_06,STATIC_QR,EMVCo,,0.709,1.39,M-3
M_461a50d775,FOREIGN,7991,T2,ACQ_08,STATIC_QR,EMVCo,2026-05-14,0.632,2.03,M-1
M_b87b504bdb,IN,8220,T2,ACQ_04,POS,PROPRIETARY,2026-03-10,0.396,1.25,M-2
M_f71a357a8b,FOREIGN,5944,T2,ACQ_08,POS,EMVCo,2025-12-07,0.706,12.31,M-4
M_8e86da9e67,IN,5300,T3,ACQ_06,DYNAMIC_QR,PROPRIETARY,,0.919,2.13,M-3
M_aa504c4197,FOREIGN,5812,T1,ACQ_02,POS,PROPRIETARY,2025-08-20,0.439,0.67,M-2
M_27e6b8dcda,FOREIGN,5310,T1,ACQ_01,POS,PROPRIETARY,2025-05-15,0.519,1.57,M-4
M_4c0e9d078e,IN,5944,T2,ACQ_05,DYNAMIC_QR,EMVCo,2025-07-18,0.855,0.62,M-4
M_3e51ad0e00,FOREIGN,7011,T1,ACQ_05,ECOM_SDK,EMVCo,2026-06-15,0.618,0.53,M-1
M_4bfa49031e,FOREIGN,8099,T3,ACQ_03,DYNAMIC_QR,EMVCo,,0.701,0.53,M-3
M_8f04774019,FOREIGN,5812,T3,ACQ_06,DYNAMIC_QR,EMVCo,2026-02-15,0.757,3.57,M-1
M_cfeb251ef5,IN,5411,T3,ACQ_01,STATIC_QR,EMVCo,2025-07-20,0.835,3.29,M-2
M_260a9a0788,FOREIGN,5944,T3,ACQ_03,DYNAMIC_QR,PROPRIETARY,,0.696,0.73,M-3
M_d2502fb79b,FOREIGN,5812,T3,ACQ_07,DYNAMIC_QR,PROPRIETARY,2025-11-03,0.918,1.28,M-1
M_6658965361,FOREIGN,5309,T2,ACQ_08,DYNAMIC_QR,EMVCo,2024-10-05,0.879,3.21,M-4
M_6659f4c054,IN,5310,T1,ACQ_03,STATIC_QR,EMVCo,,0.845,1.43,M-3
M_93d05a2771,FOREIGN,8062,T3,ACQ_02,DYNAMIC_QR,EMVCo,2025-12-27,0.733,0.23,M-4
M_804e8b165f,FOREIGN,5309,T1,ACQ_01,DYNAMIC_QR,EMVCo,,0.857,2.08,M-3
M_36b74b9194,IN,5944,T2,ACQ_01,DYNAMIC_QR,EMVCo,,0.89,2.03,M-3
M_ff5f12892e,FOREIGN,4111,T1,ACQ_03,STATIC_QR,PROPRIETARY,,0.873,2.4,M-3
M_fb37d41088,FOREIGN,5310,T3,ACQ_06,DYNAMIC_QR,EMVCo,,0.842,0.54,M-3
M_3a7c785d04,IN,5310,T2,ACQ_01,DYNAMIC_QR,PROPRIETARY,2025-09-22,0.74,2.74,M-4
M_cbf7e59464,FOREIGN,5941,T2,ACQ_02,DYNAMIC_QR,PROPRIETARY,,0.804,0.61,M-3
M_2fec6373bc,FOREIGN,5999,T3,ACQ_08,STATIC_QR,EMVCo,2024-11-08,0.483,3.28,M-2
M_72bbb1da72,FOREIGN,5411,T3,ACQ_01,DYNAMIC_QR,EMVCo,2025-02-22,0.811,3.85,M-5
M_6ebee9cbe7,FOREIGN,8062,T1,ACQ_05,DYNAMIC_QR,EMVCo,,0.708,6.8,M-3
M_a2ffa8eba4,IN,8099,T1,ACQ_07,DYNAMIC_QR,EMVCo,,0.615,3.79,M-3
M_c147d93784,IN,8220,T1,ACQ_05,STATIC_QR,EMVCo,2026-07-10,0.959,2.05,M-1
M_bb6819a2e9,IN,5812,T2,ACQ_01,POS,EMVCo,2026-02-18,0.828,2.53,M-1
M_070b7be12a,IN,8062,T1,ACQ_07,DYNAMIC_QR,EMVCo,2025-08-01,0.286,4.67,M-2
M_a9a2f7e38c,IN,5999,T2,ACQ_04,DYNAMIC_QR,EMVCo,2026-06-28,0.867,3.02,M-1
M_d9a3f0d763,IN,5941,T2,ACQ_07,STATIC_QR,PROPRIETARY,2025-11-13,0.607,2.09,M-4
M_06ab0c759e,FOREIGN,5944,T3,ACQ_08,ECOM_SDK,EMVCo,2025-10-01,0.498,2.25,M-2
M_752c8b9958,IN,5812,T3,ACQ_02,STATIC_QR,EMVCo,2026-03-16,0.708,2.73,M-1
M_7a7cfdd1d7,IN,5999,T1,ACQ_06,STATIC_QR,EMVCo,2024-11-29,0.683,2.54,M-1
M_b0c42be818,FOREIGN,5944,T3,ACQ_04,STATIC_QR,EMVCo,2026-01-29,0.468,1.08,M-2
M_19285b9e36,IN,5300,T2,ACQ_02,POS,EMVCo,2025-01-19,0.85,5.38,M-1
M_c7af803fd8,FOREIGN,5300,T2,ACQ_07,POS,EMVCo,,0.296,0.2,M-3
M_d4a2b39f75,FOREIGN,4111,T1,ACQ_03,ECOM_SDK,PROPRIETARY,2025-10-19,0.843,4.0,M-1
M_f2831a21fd,IN,5812,T1,ACQ_07,DYNAMIC_QR,EMVCo,2026-02-26,0.254,0.52,M-2
M_a380075b82,FOREIGN,7011,T1,ACQ_03,ECOM_SDK,EMVCo,2025-11-28,0.665,3.54,M-1
M_3ebb9834e0,IN,7011,T3,ACQ_08,DYNAMIC_QR,EMVCo,2026-04-08,0.809,7.0,M-1
M_d102ca3837,FOREIGN,8099,T3,ACQ_02,DYNAMIC_QR,EMVCo,2025-11-16,0.759,1.39,M-4
M_84842eeca8,IN,7991,T2,ACQ_01,POS,EMVCo,2025-06-21,0.7,2.49,M-4
M_dc003be1b9,FOREIGN,5300,T2,ACQ_01,POS,EMVCo,2025-09-28,0.662,3.92,M-4
M_21ccc0dc99,IN,7011,T3,ACQ_04,DYNAMIC_QR,PROPRIETARY,2024-11-20,0.693,3.12,M-1
M_fb897449df,FOREIGN,8062,T2,ACQ_04,DYNAMIC_QR,PROPRIETARY,2025-09-03,0.402,0.93,M-2
M_49e35f00dd,IN,7991,T2,ACQ_01,DYNAMIC_QR,EMVCo,2026-03-06,0.967,1.98,M-1
M_d742cb6b73,FOREIGN,5310,T2,ACQ_06,DYNAMIC_QR,EMVCo,2025-02-26,0.702,2.12,M-2
M_20c5afa95e,FOREIGN,5941,T2,ACQ_02,POS,EMVCo,2025-01-29,0.873,0.59,M-1
M_025fa58542,FOREIGN,7991,T3,ACQ_04,POS,EMVCo,2024-11-27,0.73,1.4,M-4
M_cfc6d6ec79,FOREIGN,5812,T2,ACQ_01,DYNAMIC_QR,EMVCo,2026-07-18,0.894,3.92,M-1
M_aac3c3cdc7,FOREIGN,4111,T2,ACQ_07,STATIC_QR,EMVCo,2025-06-29,0.629,0.55,M-4
M_e84365132b,IN,8099,T3,ACQ_08,STATIC_QR,EMVCo,2025-04-13,0.556,1.45,M-1
M_067ac0b140,FOREIGN,5309,T2,ACQ_03,POS,EMVCo,,0.938,2.21,M-3
M_019bdd51d5,FOREIGN,8062,T2,ACQ_07,POS,EMVCo,2026-02-07,0.782,1.4,M-4
M_0a395ee9e8,FOREIGN,5944,T2,ACQ_06,STATIC_QR,EMVCo,2025-10-31,0.438,2.25,M-4
M_e2af21db2f,FOREIGN,8220,T2,ACQ_02,DYNAMIC_QR,EMVCo,2026-02-11,0.361,0.61,M-2
M_ba333fef97,FOREIGN,8062,T3,ACQ_07,DYNAMIC_QR,EMVCo,,0.863,0.45,M-3
M_a150b5989d,FOREIGN,5944,T3,ACQ_03,POS,EMVCo,2025-08-23,0.852,6.25,M-1
M_fe47557e8c,FOREIGN,8099,T2,ACQ_04,POS,PROPRIETARY,2025-05-14,0.704,2.56,M-1
M_f750a6f992,FOREIGN,5310,T2,ACQ_01,STATIC_QR,EMVCo,,0.582,5.52,M-3
M_bdd5ebf87f,IN,5411,T2,ACQ_04,STATIC_QR,PROPRIETARY,,0.744,4.54,M-3
M_3dfb3ecfff,FOREIGN,5999,T2,ACQ_01,DYNAMIC_QR,PROPRIETARY,2025-01-08,0.562,2.08,M-4
M_69da0e5eab,FOREIGN,7011,T1,ACQ_02,DYNAMIC_QR,EMVCo,,0.828,7.72,M-3
M_6ebfeb4e5d,IN,8062,T3,ACQ_01,DYNAMIC_QR,EMVCo,2025-07-05,0.865,2.24,M-1
M_3e96063ae2,IN,5941,T3,ACQ_06,STATIC_QR,EMVCo,2026-07-16,0.804,2.37,M-4
M_c641c6b4a5,FOREIGN,5309,T3,ACQ_05,STATIC_QR,EMVCo,2024-11-14,0.15,2.58,M-2
M_d49ace595d,IN,5310,T1,ACQ_02,POS,EMVCo,2025-05-16,0.481,3.35,M-2
M_8681cc6e53,FOREIGN,7991,T2,ACQ_04,POS,PROPRIETARY,2025-11-18,0.983,3.8,M-1
M_ed3603c731,FOREIGN,5944,T1,ACQ_03,DYNAMIC_QR,EMVCo,,0.551,2.16,M-3
M_8ca45d4921,IN,5812,T2,ACQ_07,DYNAMIC_QR,EMVCo,2025-07-11,0.363,0.41,M-2
M_b5ff3baeab,FOREIGN,7991,T2,ACQ_04,DYNAMIC_QR,PROPRIETARY,2025-11-23,0.784,0.47,M-1
M_4a2e4a44f7,IN,5999,T3,ACQ_01,DYNAMIC_QR,EMVCo,2026-03-18,0.316,1.0,M-2
M_01b0275e76,IN,5812,T1,ACQ_08,DYNAMIC_QR,PROPRIETARY,2025-01-15,0.682,6.24,M-1
M_e510ad6879,FOREIGN,5941,T3,ACQ_07,STATIC_QR,EMVCo,2025-05-27,0.909,1.2,M-4
M_02311f2185,FOREIGN,5309,T3,ACQ_05,DYNAMIC_QR,EMVCo,2025-03-02,0.635,1.93,M-4
M_5e67148c8c,IN,4111,T3,ACQ_08,DYNAMIC_QR,EMVCo,2024-09-04,0.568,1.2,M-1
M_b4fdf66bd8,FOREIGN,8220,T1,ACQ_01,DYNAMIC_QR,EMVCo,2026-02-05,0.58,4.23,M-4
M_237a1306c2,FOREIGN,5411,T1,ACQ_01,ECOM_SDK,PROPRIETARY,2025-10-01,0.834,6.35,M-1
M_2f1b818e16,IN,8099,T1,ACQ_07,POS,EMVCo,2025-11-07,0.723,4.71,M-4
M_ce7ec2d81d,FOREIGN,5300,T2,ACQ_06,POS,EMVCo,2025-10-02,0.797,4.99,M-4
M_b6f6acdd17,FOREIGN,5309,T1,ACQ_06,DYNAMIC_QR,PROPRIETARY,,0.717,2.21,M-3
M_d6a2f50fea,IN,5944,T1,ACQ_03,DYNAMIC_QR,EMVCo,2024-12-11,0.79,3.89,M-1
M_b8fb09903a,IN,8220,T2,ACQ_06,STATIC_QR,PROPRIETARY,2026-06-05,0.235,3.49,M-2
M_66f6ef7925,FOREIGN,5941,T1,ACQ_02,DYNAMIC_QR,EMVCo,2025-08-21,0.897,2.45,M-1
M_e188f72aea,IN,7991,T2,ACQ_01,POS,EMVCo,2025-03-09,0.748,6.66,M-4
M_b63ad955ea,FOREIGN,5411,T1,ACQ_07,DYNAMIC_QR,EMVCo,2025-01-18,0.829,0.19,M-4
M_b904c5c9b7,FOREIGN,5944,T2,ACQ_02,DYNAMIC_QR,EMVCo,2026-04-10,0.754,1.76,M-4
M_cc878878bb,IN,5309,T3,ACQ_01,POS,EMVCo,2025-10-28,0.533,3.82,M-4
M_b3aa5dbf89,FOREIGN,5812,T2,ACQ_06,STATIC_QR,EMVCo,2025-04-30,0.778,5.22,M-1
M_7d7a7fbf7d,FOREIGN,8062,T2,ACQ_01,ECOM_SDK,EMVCo,2025-09-18,0.817,1.26,M-4
M_2ec466e2a7,FOREIGN,5310,T2,ACQ_01,DYNAMIC_QR,EMVCo,,0.572,2.69,M-3
M_f8001b8aa7,FOREIGN,7991,T2,ACQ_05,STATIC_QR,EMVCo,2025-09-20,0.734,2.24,M-4
M_2700f613aa,IN,8099,T1,ACQ_07,DYNAMIC_QR,EMVCo,2025-08-28,0.873,3.71,M-5
M_36a6ae0f04,FOREIGN,5310,T1,ACQ_05,STATIC_QR,PROPRIETARY,2025-04-21,0.756,3.86,M-1
M_b696abe329,FOREIGN,7991,T1,ACQ_08,POS,EMVCo,2025-12-09,0.917,2.03,M-1
M_9f800d053a,FOREIGN,8099,T2,ACQ_02,POS,EMVCo,,0.94,4.13,M-3
M_6537334be2,FOREIGN,8099,T3,ACQ_02,ECOM_SDK,EMVCo,,0.819,2.84,M-3
M_04025e3afa,FOREIGN,5812,T2,ACQ_07,STATIC_QR,EMVCo,2024-10-14,0.744,1.11,M-1
M_3c13b955fd,IN,4111,T2,ACQ_02,STATIC_QR,EMVCo,,0.778,0.53,M-3
M_48559160dc,FOREIGN,5999,T2,ACQ_07,STATIC_QR,EMVCo,2026-07-19,0.69,2.03,M-4
M_f0432d6a1c,FOREIGN,7991,T2,ACQ_04,POS,PROPRIETARY,2024-08-23,0.76,5.6,M-4
M_91a30b4a8e,IN,4111,T1,ACQ_05,STATIC_QR,EMVCo,2024-12-18,0.873,2.26,M-1
M_c967894039,FOREIGN,8220,T3,ACQ_02,DYNAMIC_QR,EMVCo,2025-12-04,0.665,1.21,M-1
M_a7cb643208,FOREIGN,5941,T3,ACQ_04,DYNAMIC_QR,EMVCo,2025-11-05,0.5,2.25,M-4
M_de310ae673,FOREIGN,5411,T1,ACQ_08,STATIC_QR,EMVCo,2025-12-06,0.905,4.05,M-4
M_b99ead4474,IN,5300,T2,ACQ_08,DYNAMIC_QR,EMVCo,2025-08-12,0.33,3.97,M-4
M_b50cb295f2,FOREIGN,5310,T2,ACQ_06,DYNAMIC_QR,EMVCo,2025-10-12,0.804,1.86,M-2
M_305102992c,FOREIGN,5941,T2,ACQ_02,POS,EMVCo,2025-01-06,0.799,3.92,M-4
M_3d99100ab3,FOREIGN,5944,T2,ACQ_08,DYNAMIC_QR,EMVCo,2025-01-19,0.909,0.87,M-1
M_d1c4620be5,FOREIGN,5812,T3,ACQ_08,DYNAMIC_QR,EMVCo,2025-12-19,0.545,1.8,M-1
M_200a9ecb23,FOREIGN,8220,T2,ACQ_03,POS,EMVCo,2026-03-10,0.555,4.89,M-4
M_03c92a7e4d,FOREIGN,5300,T2,ACQ_05,DYNAMIC_QR,EMVCo,2025-10-22,0.945,5.25,M-1
M_f311fb728f,IN,5999,T3,ACQ_02,STATIC_QR,PROPRIETARY,,0.769,1.53,M-3
M_aca65e47c1,IN,7011,T1,ACQ_02,DYNAMIC_QR,EMVCo,2025-11-08,0.597,8.55,M-1
M_1b3d87405c,FOREIGN,5309,T2,ACQ_08,DYNAMIC_QR,EMVCo,,0.766,5.33,M-3
M_d02bfe669d,IN,8220,T2,ACQ_01,STATIC_QR,EMVCo,2026-03-04,0.836,0.86,M-5
M_fd806d9344,FOREIGN,5812,T2,ACQ_08,DYNAMIC_QR,EMVCo,2026-06-13,0.466,1.94,M-1
M_9ebd0b51d7,IN,5944,T2,ACQ_03,DYNAMIC_QR,EMVCo,2026-03-26,0.594,1.92,M-4
M_0cbd25e340,FOREIGN,5999,T3,ACQ_01,DYNAMIC_QR,EMVCo,2025-11-27,0.814,2.05,M-4
M_6b2b0af4cd,FOREIGN,7011,T3,ACQ_08,DYNAMIC_QR,EMVCo,2025-02-17,0.756,2.88,M-4
M_efb0791462,FOREIGN,5999,T2,ACQ_08,POS,PROPRIETARY,2024-09-01,0.364,3.31,M-1
M_2a32f9b46f,FOREIGN,8220,T2,ACQ_04,DYNAMIC_QR,EMVCo,2026-06-26,0.725,1.09,M-1
M_8e3b237129,FOREIGN,5411,T2,ACQ_01,STATIC_QR,EMVCo,2026-06-27,0.307,3.33,M-2
M_108d28a167,FOREIGN,8099,T2,ACQ_08,STATIC_QR,EMVCo,2025-12-21,0.956,2.93,M-4
M_5a5e98f795,IN,5411,T2,ACQ_07,POS,EMVCo,2024-11-17,0.729,4.95,M-1
M_378954d737,IN,5944,T2,ACQ_02,POS,EMVCo,,0.801,1.73,M-3
M_64a013d1cf,FOREIGN,5411,T1,ACQ_04,DYNAMIC_QR,EMVCo,2026-03-25,0.584,6.56,M-4
M_954a6e8b80,FOREIGN,5310,T2,ACQ_05,STATIC_QR,EMVCo,,0.805,1.23,M-3
M_032a8b7911,FOREIGN,5812,T2,ACQ_03,POS,PROPRIETARY,,0.849,0.84,M-3
M_ace4c0151d,FOREIGN,4111,T1,ACQ_05,DYNAMIC_QR,PROPRIETARY,2026-07-31,0.763,1.8,M-1
M_d85cb4aa2e,FOREIGN,5944,T3,ACQ_03,POS,EMVCo,2024-09-10,0.535,1.62,M-1
M_327c7e2a49,FOREIGN,5411,T2,ACQ_05,STATIC_QR,EMVCo,2025-09-20,0.918,1.21,M-1
M_611387df59,IN,5310,T2,ACQ_05,STATIC_QR,PROPRIETARY,,0.939,0.44,M-3
M_ff66960885,IN,7991,T3,ACQ_03,DYNAMIC_QR,EMVCo,2026-01-19,0.477,1.0,M-4
M_e8fc291ea4,FOREIGN,8220,T3,ACQ_06,DYNAMIC_QR,EMVCo,2025-12-26,0.846,0.85,M-5
M_5d16f88e02,FOREIGN,4111,T3,ACQ_07,ECOM_SDK,EMVCo,2024-08-21,0.762,3.34,M-5
M_ce62d77d19,FOREIGN,4111,T2,ACQ_06,STATIC_QR,EMVCo,2025-10-25,0.298,0.71,M-2
M_eaa9e19abb,FOREIGN,8220,T2,ACQ_07,ECOM_SDK,EMVCo,2026-03-17,0.982,2.16,M-1
M_19b8629187,FOREIGN,5309,T2,ACQ_01,DYNAMIC_QR,EMVCo,,0.677,3.11,M-3
M_45da20e5cd,FOREIGN,5411,T2,ACQ_06,DYNAMIC_QR,EMVCo,2024-09-22,0.875,2.24,M-5
M_cd0e3136a7,IN,5999,T1,ACQ_07,POS,EMVCo,2025-07-11,0.522,2.97,M-1
M_bf7f01beb0,FOREIGN,5411,T2,ACQ_03,STATIC_QR,PROPRIETARY,2025-12-18,0.869,2.05,M-5
M_10744b3b60,FOREIGN,5411,T1,ACQ_04,STATIC_QR,EMVCo,,0.756,1.62,M-3
M_92ba914e9e,FOREIGN,5411,T3,ACQ_06,POS,EMVCo,2026-04-04,0.783,3.12,M-5
M_0afb575c8b,IN,8062,T1,ACQ_03,STATIC_QR,EMVCo,2026-01-10,0.866,2.76,M-4
M_975c4d25ab,FOREIGN,5411,T1,ACQ_03,STATIC_QR,PROPRIETARY,2025-01-02,0.853,4.95,M-1
M_1ca1517f0f,FOREIGN,8099,T3,ACQ_01,POS,EMVCo,2026-01-22,0.789,7.64,M-1
M_bae921143d,FOREIGN,8220,T3,ACQ_06,POS,EMVCo,2026-03-07,0.623,4.0,M-4
M_6586a85515,FOREIGN,5944,T3,ACQ_06,STATIC_QR,EMVCo,,0.708,4.27,M-3
M_ddee23cdf7,FOREIGN,5999,T3,ACQ_01,POS,EMVCo,2025-05-19,0.751,6.36,M-4
M_542445d4dc,IN,8062,T3,ACQ_07,POS,EMVCo,2025-02-02,0.765,5.82,M-1
M_e050ea9389,FOREIGN,5944,T2,ACQ_05,DYNAMIC_QR,EMVCo,2026-06-15,0.588,0.87,M-1
M_dd33a4c313,IN,5309,T1,ACQ_08,POS,EMVCo,2025-12-21,0.273,5.88,M-2
M_0debc15c19,FOREIGN,7991,T2,ACQ_04,DYNAMIC_QR,EMVCo,2026-01-27,0.682,3.76,M-1
M_107239421a,IN,7011,T3,ACQ_07,DYNAMIC_QR,PROPRIETARY,2025-08-13,0.605,1.55,M-1
M_c1c9676729,IN,5944,T2,ACQ_07,DYNAMIC_QR,EMVCo,2024-09-01,0.828,1.8,M-4
M_d53a5d8d6d,FOREIGN,7011,T2,ACQ_04,POS,PROPRIETARY,,0.518,3.02,M-3
M_69fd43e466,FOREIGN,5300,T2,ACQ_07,DYNAMIC_QR,EMVCo,,0.926,10.18,M-3
M_a6ebbce0ac,FOREIGN,5812,T2,ACQ_03,DYNAMIC_QR,EMVCo,,0.573,2.07,M-3
M_7c76c0e9b3,FOREIGN,7991,T3,ACQ_01,DYNAMIC_QR,EMVCo,2025-07-08,0.15,7.06,M-2
M_6c5af1364e,FOREIGN,5300,T2,ACQ_06,STATIC_QR,EMVCo,2025-06-21,0.411,7.98,M-1
M_8f08b6df54,FOREIGN,8099,T1,ACQ_04,DYNAMIC_QR,PROPRIETARY,2026-02-09,0.51,1.61,M-1
M_156f6c28b2,FOREIGN,5999,T1,ACQ_01,POS,EMVCo,2025-07-07,0.801,1.32,M-1
M_885671ba55,FOREIGN,8062,T2,ACQ_08,STATIC_QR,EMVCo,2026-04-20,0.649,4.41,M-4
M_408ce570ef,IN,5411,T3,ACQ_07,STATIC_QR,EMVCo,,0.956,1.25,M-3
M_f2f7aad8f0,IN,5944,T3,ACQ_03,STATIC_QR,EMVCo,2025-07-02,0.67,1.02,M-5
